r_lambda_over_NA,Airy,Gaussian
0.0,1.0,1.0
0.0021571648690292757,0.9999540740538317,0.9999512610826093
0.004314329738058551,0.9998163067611309,0.9998050585828665
0.0064714946070878274,0.9995867297559082,0.9995614352511135
0.008628659476117103,0.9992653957502208,0.9992204623147715
0.010785824345146378,0.9988523785172252,0.9987822394436342
0.012942989214175655,0.9983477728674597,0.9982468947013126
0.01510015408320493,0.9977516946183775,0.9976145844828619
0.017257318952234205,0.9970642805571249,0.9968854934386366
0.01941448382126348,0.9962856883965848,0.9960598343844218
0.021571648690292756,0.9954160967247111,0.9951378481979047
0.02372881355932203,0.9944557049471581,0.9941198037015566
0.02588597842835131,0.9934047332232391,0.9930059975320031
0.028043143297380585,0.9922634223952366,0.991796753995974
0.03020030816640986,0.9910320339110866,0.9904924249129285
0.032357473035439135,0.9897108497404683,0.9890933894444646
0.03451463790446841,0.9883001722843413,0.9876000539106269
0.036671802773497686,0.9868003242779451,0.9860128515932387
0.03882896764252696,0.9852116486873185,0.9843322425263901
0.040986132511556236,0.9835345085993719,0.9825587132742261
0.04314329738058551,0.981769287105543,0.9806927766961822
0.04530046224961479,0.9799163871791013,0.9787349716998291
0.04745762711864406,0.9779762315461334,0.976685862981491
0.04961479198767334,0.9759492625502653,0.9745460407548121
0.05177195685670262,0.9738359420111684,0.9723161204674567
0.053929121725731895,0.9716367510769132,0.9699967425061302
0.05608628659476117,0.9693521900702158,0.9675885718901196
0.058243451463790445,0.9669827783286443,0.9650922979535607
0.06040061633281972,0.964529054038844,0.9625086340166416
0.06255778120184899,0.9619915740648455,0.9598383170459647
0.06471494607087827,0.9593709137705172,0.9570821073042913
0.06687211093990754,0.9566676668362412,0.9542407879899035
0.06902927580893682,0.953882445069868,0.9513151648658213
0.0711864406779661,0.9510158782120376,0.9483060658791225
0.07334360554699537,0.9480686137359248,0.9452143407706146
0.07550077041602465,0.9450413166415079,0.9420408606751189
0.07765793528505392,0.9419346692444106,0.9387865177126276
0.0798151001540832,0.9387493709594283,0.9354522245706033
0.08197226502311247,0.9354861380787947,0.932038914077695
0.08412942989214175,0.9321457035452929,0.9285475387691486
0.08628659476117102,0.9287288167202887,0.9249790704441945
0.0884437596302003,0.9252362431467708,0.9213344997157007
0.09060092449922957,0.9216687643075012,0.9176148355523842
0.09275808936825886,0.9180271773783552,0.913821104813874
0.09491525423728812,0.9143122949769459,0.9099543517789271
0.0970724191063174,0.9105249449066436,0.9060156376671008
0.09922958397534667,0.9066659698960663,0.9020060401541854
0.10138674884437596,0.902736227334152,0.8979266528817094
0.10354391371340524,0.8987365890009165,0.8937785849608257
0.10570107858243451,0.894667940793988,0.8895629604708973
0.10785824345146379,0.8905311824510324,0.8852809179530942
0.11001540832049306,0.8863272272681647,0.8809336098993245
0.11217257318952234,0.8820570018144641,0.8765222022368168
0.11432973805855161,0.8777214456426914,0.8720478738086777
0.11648690292758089,0.8733215109963198,0.8675118158507448
0.11864406779661016,0.8688581625129945,0.8629152314650614
0.12080123266563944,0.8643323769245277,0.8582593350902961
0.12295839753466871,0.8597451427535403,0.8535453519694312
0.12511556240369798,0.8550974600068758,0.8487745176150467
0.12727272727272726,0.8503903398658829,0.8439480772725242
0.12942989214175654,0.845624804373703,0.8390672853814934
0.13158705701078582,0.8408018861196608,0.8341334050358482
0.13374422187981508,0.8359226279208957,0.8291477074426524
0.13590138674884436,0.8309880825013343,0.8241114713802594
0.13805855161787364,0.8259993121681365,0.8190259826559644
0.14021571648690292,0.8209573884857317,0.8138925335635102
0.1423728813559322,0.8158633919475652,0.808712422340762
0.14453004622496146,0.8107184116456797,0.8034869526278672
0.14668721109399074,0.8055235449382521,0.7982174329262126
0.14884437596302003,0.8002798971152113,0.7929051760584909
0.1510015408320493,0.7949885810620615,0.7875514986301807
0.15315870570107856,0.7896507169220275,0.782157720492749
0.15531587057010784,0.7842674317566596,0.7767251642088736
0.15747303543913713,0.7788398592050142,0.771255154519986
0.1596302003081664,0.7733691391415368,0.7657490178164289
0.16178736517719566,0.7678564173327781,0.7602080816105171
0.16394453004622495,0.7623028450930592,0.754633674012791
0.16610169491525423,0.7567095789392267,0.749027123211744
0.1682588597842835,0.7510777802446115,0.7433897569573005
0.17041602465331276,0.7454086148923192,0.7377229020483206
0.17257318952234205,0.7397032529279883,0.7320278838243977
0.17473035439137133,0.7339628682121304,0.7263060256622149
0.1768875192604006,0.7281886380721875,0.720558648476717
0.1790446841294299,0.7223817429544245,0.7147870702273529
0.18120184899845915,0.7165433660757935,0.708992605429635
0.18335901386748843,0.7106746930758837,0.7031765646722604
0.1855161787365177,0.7047769116690916,0.6973402541400276
0.187673343605547,0.6988512112971328,0.6914849751427825
0.18983050847457625,0.6928987827820181,0.6856120236506157
0.19198767334360553,0.6869208179796252,0.6797226898355327
0.1941448382126348,0.6809185094339789,0.6738182576198077
0.1963020030816641,0.674893050032372,0.6679000042312283
0.19845916795069335,0.668845632661449,0.6619691997654295
0.20061633281972263,0.6627774498643664,0.6560271067555119
0.2027734976887519,0.6566896934991618,0.6500749797491305
0.2049306625577812,0.6505835543984438,0.6441140648932326
0.20708782742681048,0.6444602220305234,0.6381455995266186
0.20924499229583973,0.6383208841621152,0.6321708117804936
0.21140215716486901,0.6321667265227093,0.6261909201871654
0.2135593220338983,0.6259989324707504,0.6202071332970459
0.21571648690292758,0.6198186826617208,0.6142206493040966
0.21787365177195683,0.6136271547182583,0.6082326556798592
0.22003081664098612,0.6074255229024123,0.6022443288162009
0.2221879815100154,0.601214957790159,0.5962568336769
0.22434514637904468,0.5949966259482792,0.590271323458185
0.22650231124807393,0.5887716896137127,0.5842889392583401
0.22865947611710322,0.5825413063755036,0.5783108097564781
0.2308166409861325,0.5763066288594345,0.5723380509005738
0.23297380585516178,0.5700688044154641,0.5663717656048488
0.23513097072419104,0.5638289748080676,0.5604130434565848
0.23728813559322032,0.557588275909588,0.5544629604324413
0.2394453004622496,0.551347837396699,0.5485225786243422
0.24160246533127888,0.5451087824500815,0.5425929459749897
0.24375963020030816,0.5388722274574049,0.53667509602306
0.24591679506933742,0.532639281719726,0.5307700476581193
0.2480739599383667,0.5264110471613863,0.5248788048853061
0.25023112480739595,0.5201886180435119,0.5190023565998019
0.25238828967642524,0.513973080681204,0.5131416763711188
0.2545454545454545,0.5077655131645122,0.5072977222372196
0.2567026194144838,0.5015669850832799,0.5014714365084775
0.2588597842835131,0.4953785572559507,0.495663745581483
0.26101694915254237,0.4892012814624158,0.4898755597626894
0.26317411402157165,0.4830362001809951,0.4841077731018889
0.26533127889060093,0.47688434632962434,0.47836126323550243
0.26748844375963016,0.4707467430113361,0.4726368912396589
0.26964560862865944,0.46462440326410626,0.4669355014930335
0.2718027734976887,0.4585183298151482,0.4612579215494113
0.273959938366718,0.4524295148397226,0.4556049620199308
0.2761171032357473,0.44635893972453844,0.4499774164649615
0.27827426810477657,0.44030757483581723,0.4443760612955599
0.28043143297380585,0.4342763792920802,0.43880165568444424
0.28258859784283513,0.42826630074173533,0.43325494148642235
0.2847457627118644,0.42227827514551836,0.42773664316820104
0.28690292758089364,0.41631322656385583,0.4222474677474997
0.2890600924499229,0.4103720669492039,0.4167881047413864
0.2912172573189522,0.40445569594342823,0.4113592261237493
0.2933744221879815,0.39856500068026945,0.40596148629181006
0.29553158705701077,0.3927008555929568,0.4005955220415823
0.29768875192604005,0.38686412222701466,0.39526195255217283
0.29984591679506933,0.3810556490583119,0.3899613793788188
0.3020030816640986,0.3752762713164027,0.3846943864545492
0.30416024653312784,0.36952681081319566,0.37946154010035443
0.3063174114021571,0.36380807577700497,0.37426338904374534
0.3084745762711864,0.35812086069200777,0.3691004644455767
0.3106317411402157,0.35246594614315796,0.36397327993500617
0.31278890600924497,0.3468440986665838,0.35888233165245953
0.31494607087827425,0.34125607060550467,0.3538280983004641
0.31710323574730354,0.3357025999716931,0.3488110412022134
0.3192604006163328,0.33018441031251744,0.34383160436772003
0.3214175654853621,0.32470221058358273,0.3388902145674117
0.3235747303543913,0.3192566950269975,0.33398728141302264
0.3257318952234206,0.3138485430552853,0.32912319744562735
0.3278890600924499,0.30847841914096075,0.3242983382306663
0.3300462249614792,0.30314697271178553,0.3195130624598043
0.33220338983050846,0.2978548380517162,0.31476771205946386
0.33436055469953774,0.29260263420756183,0.3100626123058729
0.336517719568567,0.2873909649013496,0.305398071946464
0.3386748844375963,0.2822204184484171,0.3007743833274601
0.34083204930662553,0.2770915676812267,0.2961918225274799
0.3429892141756548,0.2720049698789089,0.29165064949699543
0.3451463790446841,0.2669611667025341,0.2871511082034719
0.3473035439137134,0.26196068413610724,0.28269342678201925
0.34946070878274266,0.257004032433285,0.278277817691383
0.35161787365177194,0.2520917060698049,0.27390447787510197
0.3537750385208012,0.24722418370161925,0.26957358892765926
0.3559322033898305,0.24240192812872127,0.2652853172654514
0.3580893682588598,0.23762538626465002,0.26103981430240175
0.360246533127889,0.23289498911165785,0.25683721663004166
0.3624036979969183,0.22821115174152223,0.2526776462018847
0.3645608628659476,0.22357427328198243,0.24856121052191876
0.36671802773497686,0.21898473690877573,0.24448800283703853
0.36887519260400614,0.21444290984325248,0.24045810233324463
0.3710323574730354,0.20994914335553855,0.23647157433543403
0.3731895223420647,0.20550377277322,0.2325284705106061
0.375346687211094,0.20110711749551613,0.22862882907431098
0.3775038520801232,0.1967594810129094,0.2247726750001666
0.3796610169491525,0.19246115093219474,0.22096002023227104
0.3818181818181818,0.18821239900691378,0.21719086390034043
0.38397534668721106,0.18401348117313265,0.21346519253739848
0.38613251155624034,0.179864637590521,0.20978298029985126
0.3882896764252696,0.17576609268869278,0.2061441891897773
0.3904468412942989,0.17171805521875744,0.20254876927926618
0.3926040061633282,0.1677207183100421,0.1989966589366408
0.39476117103235747,0.16377425953192745,0.1954877850543992
0.3969183359013867,0.15987884096075244,0.19202206327871357
0.399075500770416,0.15603460925173157,0.18859939824032643
0.40123266563944526,0.15224169571583304,0.1852196837866858
0.40338983050847455,0.14850021640155747,0.18188280321516184
0.4055469953775038,0.14481027218156312,0.17858862950719162
0.4077041602465331,0.1411719488440755,0.17533702556319897
0.4098613251155624,0.13758531718901984,0.17212784443813958
0.4120184899845917,0.13405043312881454,0.16896092957752368
0.41417565485362096,0.13056733779375973,0.16583611505377005
0.4163328197226502,0.12713605764195549,0.16275322580275003
0.41848998459167946,0.12375660457368019,0.15971207786037842
0.42064714946070875,0.12042897605016288,0.15671247859911613
0.42280431432973803,0.11715315521667513,0.15375422696424698
0.4249614791987673,0.1139291110298723,0.15083711370979744
0.4271186440677966,0.11075679838931013,0.14796092163396793
0.4292758089368259,0.10763615827306221,0.14512542581395058
0.43143297380585516,0.10456711787735967,0.14233039384000656
0.4335901386748844,0.10154959076017969,0.13957558604868364
0.43574730354391367,0.09858347698869922,0.13686075575505402
0.43790446841294295,0.095668663290538,0.134185649483858
0.44006163328197223,0.09280502320870654,0.13155000719943918
0.4422187981510015,0.08999241726017922,0.12895356253436313
0.4443759630200308,0.08723069309800713,0.12639604301661203
0.4465331278890601,0.08451968567688745,0.12387717029525167
0.44869029275808936,0.0818592174221041,0.12139666036447065
0.45084745762711864,0.07924909840175139,0.11895422378589436
0.45300462249614787,0.07668912650215666,0.11654956590907883
0.45516178736517715,0.07417908760641027,0.1141823870900938
0.45731895223420643,0.07171875577591641,0.11185238290810695
0.4594761171032357,0.06930789343487385,0.10955924437988379
0.461633281972265,0.06694625155759622,0.10730265817212184
0.4637904468412943,0.06463356985858094,0.10508230681154038
0.46594761171032356,0.06236957698523466,0.1028978688926497
0.46810477657935284,0.060153990713162825,0.100749019283128
0.47026194144838207,0.05798651814392993,0.09863542932673633
0.47241910631741135,0.05586685590519779,0.09655676704370508
0.47457627118644063,0.05379469035314642,0.09451269732852942
0.4767334360554699,0.051769697777084726,0.09250288214511274
0.4788906009244992,0.04979154460615412,0.09052698071920218
0.4810477657935285,0.047859887618031456,0.08858464972806099
0.48320493066255776,0.04597437414953458,0.08667554348732788
0.48536209553158705,0.04413464230903564,0.08479931413501453
0.4875192604006163,0.04234032119058516,0.08295561181259653
0.48967642526964555,0.04059103108965115,0.08114408484315559
0.49183359013867484,0.03888638372037702,0.07936437990653386
0.4939907550077041,0.03722598243426081,0.077616142211464
0.4961479198767334,0.035609422440161145,0.07589901566464123
0.4983050847457627,0.03403629102553088,0.07421264303670698
0.5004622496147919,0.0325061677787842,0.07255666612511602
0.5026194144838212,0.031018624812699323,0.0709307259138616
0.5047765793528505,0.0295732269887611,0.06933446273003667
0.5069337442218798,0.02816953214234722,0.06776751639721054
0.509090909090909,0.026807091308661865,0.06622952638560393
0.5112480739599383,0.025485448949321806,0.06472013195904773
0.5134052388289676,0.024204143179498337,0.06323897231871331
0.5155624036979969,0.02296270599552138,0.06178568674360376
0.5177195685670262,0.021760663502849872,0.06035991472779976
0.5198767334360554,0.020597536144314636,0.05896129611445431
0.5220338983050847,0.01947283892853983,0.05758947122653376
0.524191063174114,0.01838608165844955,0.056244080994304245
0.5263482280431433,0.017336769159766778,0.05492476707956634
0.5285053929121726,0.016324401509411907,0.053631171996640394
0.5306625577812019,0.015348474263710336,0.05236293923010966
0.5328197226502311,0.014408478686316551,0.051119713349328286
0.5349768875192603,0.013503901975765413,0.0499011401197052
0.5371340523882896,0.012634227492560355,0.048706866610774675
0.5392912172573189,0.01179893498571039,0.04753654130106864
0.5414483821263482,0.010997500818626611,0.046389814179805186
0.5436055469953774,0.010229398194291769,0.045266336845411564
0.5457627118644067,0.00949409737961624,0.04416576260090043
0.547919876733436,0.008791065928894658,0.043087746546120236
0.5500770416024653,0.008119768906278727,0.04203194566690212
0.5522342064714946,0.007479669107182372,0.04099801892112724
0.5543913713405239,0.006870227278536809,0.03998562732174023
0.5565485362095531,0.006290902337813415,0.03899443401673518
0.5587057010785824,0.005741151590734134,0.03802410436614298
0.5608628659476117,0.005220430947589683,0.037074306016049066
0.563020030816641,0.004728195138087147,0.036144708969672895
0.5651771956856703,0.00426389792464973,0.03523498565554086
0.5673343605546995,0.003826992314092325,0.03434481099278606
0.5694915254237288,0.0034169307675983016,0.03347386245360918
0.571648690292758,0.0030331654089234415,0.03262182012293604
0.5738058551617873,0.002675148230754733,0.03178836675530759
0.5759630200308166,0.0023423312991528466,0.03097318782904097
0.5781201848998458,0.0020341669560084256,0.030175971597697953
0.5802773497688751,0.001750108019443438,0.02939640913890176
0.5824345146379044,0.0014896079820906109,0.02863419440054061
0.5845916795069337,0.0012521212071849527,0.027889024244399447
0.586748844375963,0.0010371031224029803,0.027160598487260726
0.5889060092449923,0.0008440104113865757,0.02644861993951623
0.5910631741140215,0.0006723012028898957,0.025752794441332456
0.5932203389830508,0.0005214352574891925,0.02507283089641251
0.5953775038520801,0.0003908741517968379,0.024408441303398042
0.5975346687211094,0.00028008146012240047,0.023759340784955306
0.5996918335901387,0.000188522933525097,0.023125247614589457
0.601848998459168,0.00011566667620346113,0.02250588324123217
0.6040061633281972,6.098331916964737e-05,0.021900972311647098
0.6061633281972265,2.3946191157290484e-05,0.021310242690699054
0.6083204930662557,4.031486713467651e-06,0.020733425479532046
0.610477657935285,7.184314268646192e-07,0.02017025503170179
0.6126348228043142,1.3489444245838618e-05,0.019620468967309145
0.6147919876733435,4.1830296841697847e-05,0.019083808185179827
0.6169491525423728,8.523026997412114e-05,0.01856001687313651
0.6191063174114021,0.0001431823068172873,0.01804884251640982
0.6212634822804314,0.00021518316320689207,0.01755003590423383
0.6234206471494607,0.00030073355476992127,0.01706335113467218
0.6255778120184899,0.00039933830090065336,0.01658854561772099
0.6277349768875192,0.0005105064655480625,0.016125380076734013
0.6298921417565485,0.000633751494781462,0.01567361854821615
0.6320493066255778,0.000768591351102847,0.015233028380030484
0.6342064714946071,0.0009145486444761383,0.014803380228064366
0.6363636363636364,0.0010711507600452074,0.014384448051399691
0.6385208012326656,0.0012379299825141378,0.013976009106031917
0.6406779661016949,0.0014144236171650336,0.013577843937182678
0.6428351309707242,0.0016001741074902509,0.0131897363702501
0.6449922958397534,0.001794729149417528,0.012811473500440727
0.6471494607087827,0.001997641802108648,0.01244284568112639
0.6493066255778119,0.0022084705953129523,0.012083646510969779
0.6514637904468412,0.0024267796332601505,0.01173367281986063
0.6536209553158705,0.0026521386950769943,0.011392724653705447
0.6557781201848998,0.0028841233317154296,0.011060605258112496
0.6579352850539291,0.0031223149593803063,0.010737121061013207
0.6600924499229583,0.003366300949447591,0.010422081654261353
0.6622496147919876,0.00361567471486453,0.010115299774249914
0.6644067796610169,0.003870035793025657,0.009816591281585949
0.6665639445300462,0.004128989925120037,0.009525775139862566
0.6687211093990755,0.004392149131946319,0.009242673393566889
0.6708782742681048,0.004659131786194592,0.008967111145162195
0.673035439137134,0.004929562681194691,0.008698916531382044
0.6751926040061633,0.005203073096133266,0.008437920698773303
0.6773497688751926,0.005479300857742559,0.008183957778524641
0.6795069337442219,0.0057578903984659095,0.007936864860616297
0.6816640986132511,0.006038492811106841,0.007696481967326499
0.6838212634822803,0.00632076589996933,0.007462652026128989
0.6859784283513096,0.006604374228499153,0.007235220842015792
0.6881355932203389,0.006888989163437384,0.007014037069278484
0.6902927580893682,0.00717428891549881,0.006798952182780703
0.6924499229583975,0.00745995857658916,0.006589820448753927
0.6946070878274268,0.007745690153577166,0.006386498895147914
0.696764252696456,0.008031182598638064,0.006188847281566602
0.6989214175654853,0.008316141836187686,0.005996728068819356
0.7010785824345146,0.008600280786426561,0.005810006388117171
0.7032357473035439,0.008883319385515611,0.005628550009942405
0.7053929121725732,0.009164984602406518,0.005452229312620148
0.7075500770416024,0.009445010452350192,0.005280917250618618
0.7097072419106317,0.009723138007109743,0.005114489322605272
0.711864406779661,0.009999115401903775,0.004952823539284692
0.7140215716486903,0.01027269783910906,0.004795800391043591
0.7161787365177196,0.010543647588751188,0.004643302815427673
0.7183359013867487,0.010811733985814512,0.00449521616447434
0.720493066255778,0.011076733424402765,0.0043514281719246265
0.7226502311248073,0.011338429348783789,0.004211828920337128
0.7248073959938366,0.011596612241352508,0.0040763108081258706
0.7269645608628659,0.01185107960754761,0.003944768516543603
0.7291217257318952,0.012101635957758686,0.003817098976631225
0.7312788906009244,0.012348092786261314,0.0036932013361534563
0.7334360554699537,0.01259026854721908,0.0035729769265402255
0.735593220338983,0.012827988627792188,0.0034563292298526293
0.7377503852080123,0.013061085318393837,0.00334316384579162
0.7399075500770416,0.013289397780135966,0.0032333884587670246
0.7420647149460708,0.013512772009507392,0.003126912805043932
0.7442218798151001,0.013731060800328354,0.003023648639982694
0.7463790446841294,0.013944123703025708,0.002923509705388427
0.7485362095531587,0.014151826981275095,0.002826411696985111
0.750693374422188,0.014354043566056013,0.0027322722320288987
0.7528505392912173,0.01455065300716766,0.002641010817074667
0.7550077041602464,0.014741541422253127,0.0025525488159092277
0.7571648690292757,0.014926601443381714,0.0024668094176640964
0.759322033898305,0.015105732161238195,0.002383717605120199
0.7614791987673343,0.015278839066970105,0.0023032001232162237
0.7636363636363636,0.015445833991743959,0.0022251854477719616
0.7657935285053928,0.015606635044062065,0.0021496037544373498
0.7679506933744221,0.01576116654489263,0.002076386887877431
0.7701078582434514,0.015909358960665906,0.002005468331202976
0.7722650231124807,0.01605114883419023,0.0019367831756559846
0.77442218798151,0.016186478713541792,0.0018702680905588042
0.7765793528505393,0.01631529707898323,0.0018058612935351465
0.7787365177195685,0.01643755826796565,0.001743502521010813
0.7808936825885978,0.016553222398270083,0.0016831329990014388
0.7830508474576271,0.016662255289344296,0.0016246954141942195
0.7852080123266564,0.016764628381891085,0.0015681338853300267
0.7873651771956857,0.01686031865576525,0.0015133939348920004
0.7895223420647149,0.01694930854623597,0.001460422461106229
0.7916795069337441,0.017031585858672108,0.0014091677102597378
0.7938366718027734,0.01710714368170818,0.001359579249340615
0.7959938366718027,0.017175980298948658,0.0013116079390047396
0.798151001540832,0.01723809909926897,0.0012652059068731466
0.8003081664098612,0.017293508485771252,0.0012203265211637555
0.8024653312788905,0.017342221783453363,0.0011769243646608145
0.8046224961479198,0.017384257145649753,0.0011349552090250512
0.8067796610169491,0.017419637459302723,0.0010943759894472154
0.8089368258859784,0.01744839024912276,0.001055144779647345
0.8110939907550077,0.017470547580696764,0.0010172207672218066
0.8132511556240369,0.017486145962602728,0.0009805642293398014
0.8154083204930662,0.017495226247589604,0.0009451365087908121
0.8175654853620955,0.017497833532881167,0.0009108999903840826
0.8197226502311248,0.017494017059661908,0.000877818077701045
0.8218798151001541,0.017483830111804037,0.0008458551702012465
0.8240369799691833,0.0174673299138932,0.0008149766406821564
0.8261941448382126,0.01744457752861161,0.0007851488130929108
0.8283513097072419,0.0174156377535359,0.0007563389407018694
0.8305084745762711,0.01738057901740783,0.000728515184617588
0.8326656394453004,0.017339473275935036,0.0007016465926625964
0.8348228043143296,0.017292395907178904,0.000675703078599197
0.8369799691833589,0.017239425606586617,0.0006506554017062133
0.8391371340523882,0.017180644281723445,0.0006264751467055034
0.8412942989214175,0.01711613694676192,0.0006031347040368087
0.8434514637904468,0.017045991616783135,0.0005806072504793533
0.8456086286594761,0.01697029920194576,0.0005588667301184315
0.8477657935285053,0.0168891534015777,0.0005378878356550462
0.8499229583975346,0.016802650598244567,0.0005176459900565138
0.8520801232665639,0.016710889751849065,0.0004981173285458016
0.8542372881355932,0.01661397229381474,0.00047927868092721715
0.8563944530046225,0.01651200202140697,0.0004611075542459195
0.8585516178736518,0.01640508499224334,0.00044358211577862734
0.860708782742681,0.016293329419045592,0.0004266811763527465
0.8628659476117103,0.016176845564683802,0.00041038417399103097
0.8650231124807396,0.016055745637563644,0.00039467115787879877
0.8671802773497688,0.015930143687406754,0.0003795227726506026
0.869337442218798,0.01580015550147296,0.0003649202429931619
0.8714946070878273,0.01566589850127355,0.00035084535856130003
0.8736517719568566,0.01552749163982283,0.00033728045920349405
0.8758089368258859,0.015385055299475689,0.0003242084204936224
0.8779661016949152,0.015238711190397072,0.00031161263956538927
0.8801232665639445,0.015088582249709425,0.0002994770212458448
0.8822804314329737,0.014934792541362566,0.0002877859644843625
0.884437596302003,0.014777467156770526,0.0002765243490733805
0.8865947611710323,0.014616732116258293,0.0002656775226571542
0.8887519260400616,0.014452714271360953,0.00025523128802472405
0.8909090909090909,0.01428554120801708,0.0002451718906832718
0.8930662557781202,0.014115341150696828,0.00023548600670797446
0.8952234206471494,0.013942242867504895,0.00022616073086446998
0.8973805855161787,0.013766375576297101,0.00021718356499998213
0.899537750385208,0.013587868851848942,0.00020854240669915296
0.9016949152542373,0.013406852534113325,0.00020022553820060656
0.9038520801232665,0.013223456637603513,0.00019222161557023586
0.9060092449922957,0.013037811261936993,0.0001845196581272174
0.908166409861325,0.012850046503574476,0.00017710903811872514
0.9103235747303543,0.012660292368787665,0.00016997947063932323
0.9124807395993836,0.012468678687888046,0.00016312100379101008
0.9146379044684129,0.012275335030748614,0.00015652400907988797
0.9167950693374421,0.012080390623648773,0.00015017917204543347
0.9189522342064714,0.011883974267472276,0.00014407748311835814
0.9211093990755007,0.011686214257286495,0.00013821022870304404
0.92326656394453,0.011487238303330895,0.00013256898248057062
0.9254237288135593,0.011287173453441176,0.00012714559692834392
0.9275808936825886,0.011086146016934497,0.00012193219505236991
0.9297380585516178,0.01088428148998078,0.0001169211623282293
0.9318952234206471,0.010681704482482998,0.00011210513884683031
0.9340523882896764,0.010478538646489604,0.00010747701166104176
0.9362095531587057,0.01027490660616,0.00010302990732933775
0.938366718027735,0.01007092988930397,9.875718465260304e-05
0.9405238828967641,0.009866728860514196,9.46524276002939e-05
0.9426810477657934,0.009662422655910208,9.070943842215878e-05
0.9448382126348227,0.0094581291195114,8.69222309417808e-05
0.946995377503852,0.009253964741255023,8.328502402821404e-05
0.9491525423728813,0.00905004459667481,7.97922352420403e-05
0.9513097072419106,0.008846482288253991,7.643847465219834e-05
0.9534668721109398,0.008643389888466446,7.32185388199819e-05
0.9556240369799691,0.008440877884517575,7.012740494663967e-05
0.9577812018489984,0.008239055124796503,6.71602251810493e-05
0.9599383667180277,0.008038028767049295,6.431232108398537e-05
0.962095531587057,0.007837904228282542,6.157917824553484e-05
0.9642526964560862,0.007638785136405277,5.895644105226328e-05
0.9664098613251155,0.007440773283616088,5.643990760077726e-05
0.9685670261941448,0.007243968581541662,5.4025524754371675e-05
0.9707241910631741,0.007048469018131588,5.1709383339497036e-05
0.9728813559322034,0.006854370616313567,4.9487713478829324e-05
0.9750385208012327,0.006661767394411836,4.7356880057766535e-05
0.9771956856702618,0.00647075132833097,4.5313378321229946e-05
0.9793528505392911,0.006281412315506058,4.335382959768751e-05
0.9815100154083204,0.006093838140619302,4.147497714737082e-05
0.9836671802773497,0.005908114443081995,3.967368213170116e-05
0.985824345146379,0.005724324686280211,3.794691970098805e-05
0.9879815100154082,0.005542550128581327,3.6291775197515495e-05
0.9901386748844375,0.00536286979609745,3.47054404711738e-05
0.9922958397534668,0.005185360457201339,3.318521030484839e-05
0.9944530046224961,0.0050100965987888825,3.1728478946822007e-05
0.9966101694915254,0.004837150404282035,3.0332736747496554e-05
0.9987673343605546,0.004666591733364295,2.899556689778833e-05
1.0009244992295838,0.004498488103440885,2.771464226660001e-05
1.003081664098613,0.004332904672814177,2.648772233481769e-05
1.0052388289676424,0.004169904225564428,2.53126502233342e-05
1.0073959938366717,0.004009547158124989,2.418734981264138e-05
1.009553158705701,0.0038518914675401013,2.310982295158728e-05
1.0117103235747302,0.003696992741393014,2.2078146752936996e-05
1.0138674884437595,0.0035449041493907847,2.1090470973425756e-05
1.0160246533127888,0.0033956764365919065,2.0145015476037333e-05
1.018181818181818,0.003249357918261575,1.924006777228878e-05
1.0203389830508474,0.003105994476339181,1.8373980642346354e-05
1.0224961479198766,0.002965629557501372,1.754516983084546e-05
1.024653312788906,0.0028283041728036913,1.6752111816330024e-05
1.0268104776579352,0.002694056898882847,1.5993341652272497e-05
1.0289676425269645,0.0025629238807009834,1.5267450877680448e-05
1.0311248073959938,0.0024349388358128475,1.4573085495337627e-05
1.033281972265023,0.0023101330601357,1.390894401577246e-05
1.0354391371340523,0.0021885354352016422,1.3273775565088012e-05
1.0375963020030816,0.002070172436870886,1.2666378054830687e-05
1.039753466872111,0.0019550681454843363,1.2085596412116405e-05
1.0419106317411402,0.0018432442574329582,1.1530320868273384e-05
1.0440677966101695,0.0017347200981208814,1.0999485304302101e-05
1.0462249614791987,0.0016295126362987958,1.0492065651492728e-05
1.048382126348228,0.0015276364997432958,1.0007078345579293e-05
1.0505392912172573,0.001429103992257795,9.543578832849024e-06
1.0526964560862866,0.0013339251119695527,9.10066012666408e-06
1.0548536209553159,0.0012421075708973985,8.67745141288933e-06
1.0570107858243452,0.001153656815763903,8.27311670275816e-06
1.0591679506933744,0.0010685760500253913,7.886853531744032e-06
1.0613251155624037,0.000986866257092904,7.517891703041386e-06
1.063482280431433,0.0009085262247165066,7.165492074295338e-06
1.0656394453004623,0.0008335525705052899,6.828945386253638e-06
1.0677966101694913,0.0007619397685546853,6.5075711320485435e-06
1.0699537750385206,0.0006936801771526395,6.200716465850117e-06
1.07211093990755,0.0006287640675357246,5.907755149664843e-06
1.0742681047765792,0.0005671796536659086,5.628086537085738e-06
1.0764252696456085,0.000508913122998461,5.361134592831982e-06
1.0785824345146378,0.000453948668211261,5.10634694694693e-06
1.080739599383667,0.0004022685198653091,4.8631939825537265e-06
1.0828967642526963,0.00035385297996624724,4.631167956097829e-06
1.0850539291217256,0.0003086804563962353,4.409782149034439e-06
1.0872110939907549,0.00026672749818552644,4.198570049948159e-06
1.0893682588597842,0.00022796883159276042,3.997084566119457e-06
1.0915254237288134,0.00019237739696286701,3.8048972635805688e-06
1.0936825885978427,0.00015992438633138982,3.6215976347299805e-06
1.095839753466872,0.0001305792817437821,3.446792392600942e-06
1.0979969183359013,0.00010430989425826613,3.2801047909053414e-06
1.1001540832049306,8.108240360061523e-05,3.1211739689991566e-06
1.1023112480739599,6.08613984392691e-05,2.9696543209404798e-06
1.1044684129429891,4.360991724905824e-05,2.8252148878350233e-06
1.1066255778120184,2.9289489731801716e-05,2.6875387726874123e-06
1.1087827426810477,1.7860178762060085e-05,2.5563225769997497e-06
1.110939907550077,9.280622826267256e-06,2.431275858381023e-06
1.1130970724191063,3.5080789235496907e-06,2.3121206084529857e-06
1.1152542372881356,4.984658965260935e-07,2.1985907503594098e-06
1.1174114021571648,2.064081604800658e-07,2.0904316552064347e-06
1.1195685670261941,2.585279799344864e-06,1.987399676782091e-06
1.1217257318952234,7.587248997046539e-06,1.8892617039228311e-06
1.1238828967642527,1.5163322772854573e-05,1.7957947299142866e-06
1.126040061633282,2.5263391989523938e-05,1.7067854383322665e-06
1.1281972265023112,3.783627660314083e-05,1.6220298047483955e-06
1.1303543913713405,5.2829771123769506e-05,1.5413327137426998e-06
1.1325115562403698,7.019069025614711e-05,1.4645075906828417e-06
1.134668721109399,8.986491468988267e-05,1.3913760477466995e-06
1.1368258859784284,0.00011179743700883862,1.3217675436815762e-06
1.1389830508474577,0.00013593240768955202,1.2555190568092946e-06
1.141140215716487,0.00016221318115886542,1.1924747708022575e-06
1.143297380585516,0.00019058236188110425,1.1324857727706774e-06
1.1454545454545453,0.0002209818504455179,1.075409763216022e-06
1.1476117103235746,0.0002533528896248559,1.0211107774203273e-06
1.1497688751926038,0.0002876361103763869,9.694589178547201e-07
1.1519260400616331,0.0003237715777568689,9.203300972044678e-07
1.1540832049306624,0.0003616988367234037,8.736057916209677e-07
1.1562403697996917,0.000401356957792342,8.291728038239796e-07
1.158397534668721,0.00044268458252889946,7.869230356899751e-07
1.1605546995377503,0.00048561996884035046,7.467532699745843e-07
1.1627118644067795,0.000530101036046217,7.085649608290144e-07
1.1648690292758088,0.0005760654096991113,6.722640327816791e-07
1.167026194144838,0.0006234504661303913,6.377606878675169e-07
1.1691833590138674,0.0006721933766952048,6.04969220598205e-07
1.1713405238828967,0.0007222311516918305,5.738078404770269e-07
1.173497688751926,0.0007735006839308201,5.441985017722757e-07
1.1756548536209552,0.0008259387919297219,5.160667402729783e-07
1.1778120184899845,0.000879482262709791,4.893415167603163e-07
1.1799691833590138,0.0009340678941714343,4.6395506693733283e-07
1.182126348228043,0.0009896325370256686,4.3984275756860776e-07
1.1842835130970724,0.0010461131362594206,4.1694294859023567e-07
1.1864406779661016,0.0011034467721128401,3.951968609589188e-07
1.188597842835131,0.0011615707005474972,3.745484500171892e-07
1.1907550077041602,0.001220422393184672,3.5494428415969277e-07
1.1929121725731895,0.001279939576693619,3.363334285931588e-07
1.1950693374422188,0.0013400602716100954,3.18667333990108e-07
1.197226502311248,0.0014007228305660407,3.018997298435881e-07
1.1993836671802773,0.001461865975911904,2.859865223371594e-07
1.2015408320493066,0.0015234288367134614,2.708856965511229e-07
1.203697996918336,0.0015853509851058124,2.56557222832521e-07
1.2058551617873652,0.0016475724719875004,2.4296296716274173e-07
1.2080123266563945,0.0017100338620385698,2.3006660536267342e-07
1.2101694915254237,0.0017726762680466324,2.1783354098127016e-07
1.212326656394453,0.001835441384525934,2.0623082671910307e-07
1.2144838212634823,0.0018982715206146588,1.9522708924399082e-07
1.2166409861325114,0.0019611096322365296,1.8479245726114118e-07
1.2187981510015407,0.002023899353513307,1.7489849270540265e-07
1.22095531587057,0.0020865850274152326,1.6551812492821273e-07
1.2231124807395992,0.002149111735637259,1.5662558775662065e-07
1.2252696456086285,0.0022114253276894306,1.4819635930645294e-07
1.2274268104776578,0.002273472449190282,1.4020710443614625e-07
1.229583975346687,0.0023352005693528352,1.3263561973213244e-07
1.2317411402157163,0.002396558007653414,1.2546078092084119e-07
1.2338983050847456,0.0024574939596738866,1.1866249260641813e-07
1.236055469953775,0.0025179585221088373,1.1222164023717255e-07
1.2382126348228042,0.0025779027169294862,1.0612004420751561e-07
1.2403697996918335,0.002637278514697028,1.003404160057944e-07
1.2425269645608628,0.002696038857018464,9.486631632191562e-08
1.244684129429892,0.00275413767813871,8.968211503203978e-08
1.2468412942989213,0.002811529925663369,8.47729529808759e-08
1.2489984591679506,0.0028681715804070576,8.012470548525134e-08
1.2511556240369799,0.0029240196753629044,7.572394748564547e-08
1.2533127889060092,0.0029790323137892866,7.155792027530997e-08
1.2554699537750384,0.003033168686410602,6.761449973938816e-08
1.2576271186440677,0.0030863890877293543,6.388216603916791e-08
1.259784283513097,0.003138654931447461,6.034997467919913e-08
1.2619414483821263,0.0031899287649952805,5.7007528897525334e-08
1.2640986132511556,0.003240174283167362,5.384495332169176e-08
1.2662557781201849,0.003289356340864665,5.0852868835523486e-08
1.2684129429892141,0.0033374409649432396,4.802236860390523e-08
1.2705701078582434,0.0033843953651703884,4.534499520495295e-08
1.2727272727272727,0.0034301879442893636,4.281271882104307e-08
1.274884437596302,0.0034747883071946702,4.0417916442161546e-08
1.2770416024653313,0.0035181672692202177,3.815335203695465e-08
1.2791987673343606,0.0035602968635434374,3.6012157648713886e-08
1.2813559322033898,0.0036011503477086726,3.398781537530291e-08
1.2835130970724191,0.003640702209274011,3.2074140193741943e-08
1.2856702619414484,0.0036789281705859327,3.0265263591810136e-08
1.2878274268104777,0.003715805192686978,2.8555617970604888e-08
1.2899845916795067,0.0037513114783618135,2.6939921783511557e-08
1.292141756548536,0.0037854264743278883,2.5413165378500018e-08
1.2942989214175653,0.0038181308725770513,2.3970597512065143e-08
1.2964560862865946,0.0038494066108753105,2.2607712504467148e-08
1.2986132511556239,0.003879236872428083,2.132023800723229e-08
1.3007704160246532,0.003907606084718963,2.010412335510567e-08
1.3029275808936824,0.003934499917530335,1.8955528475846473e-08
1.3050847457627117,0.003959905280154776,1.787081333239638e-08
1.307241910631741,0.003983810317806457,1.6846527873054613e-08
1.3093990755007703,0.004006204407242278,1.587940246634286e-08
1.3115562403697996,0.004027078151602866,1.4966338798259343e-08
1.3137134052388288,0.004046423374483979,1.4104401210589611e-08
1.3158705701078581,0.004064233113249247,1.3290808459874094e-08
1.3180277349768874,0.00408050161159559,1.252292587752519e-08
1.3201848998459167,0.004095224311382985,1.1798257912443495e-08
1.322342064714946,0.004108397843740644,1.1114441038305316e-08
1.3244992295839753,0.004120020019462091,1.0469237008479288e-08
1.3266563944530045,0.004130089818701842,9.860526442286935e-09
1.3288135593220338,0.004138607379986823,9.286302727044326e-09
1.330970724191063,0.004145573988555946,8.744666221015865e-09
1.3331278890600924,0.004150992064041616,8.233818743076472e-09
1.3352850539291217,0.004154865147507132,7.752058335513783e-09
1.337442218798151,0.004157197887854459,7.297774287012474e-09
1.3395993836671802,0.004157996027616817,6.869442403447412e-09
1.3417565485362095,0.004157266388151089,6.465620514670467e-09
1.3439137134052388,0.004155016854245179,6.084944206012029e-09
1.346070878274268,0.004151256358155596,5.7261227637312955e-09
1.3482280431432974,0.004145994863091029,5.3879353241391925e-09
1.3503852080123266,0.004139243346157648,5.069227216588136e-09
1.352542372881356,0.004131013780782179,4.7689064909722546e-09
1.3546995377503852,0.00412131911862907,4.48594062081116e-09
1.3568567026194145,0.0041101732710280845,4.219353373402563e-09
1.3590138674884438,0.004097591089928997,3.968221838921658e-09
1.361171032357473,0.004083588348400113,3.73167361072194e-09
1.3633281972265021,0.0040681817206875545,3.5088841094522425e-09
1.3654853620955314,0.004051388761852331,3.299074043947859e-09
1.3676425269645607,0.004033227887002412,3.101507002183885e-09
1.36979969183359,0.0040137183501370854,2.9154871658918416e-09
1.3719568567026192,0.003992880222620965,2.740357142742248e-09
1.3741140215716485,0.003970734371305179,2.5754959102821156e-09
1.3762711864406778,0.0039473024363132735,2.4203168660911254e-09
1.378428351309707,0.003922606808509484,2.274265978881896e-09
1.3805855161787364,0.003896670606667077,2.1368200355203002e-09
1.3827426810477657,0.003869517654354407,2.0074849791806834e-09
1.384899845916795,0.003841172456556589,1.885794334079009e-09
1.3870570107858242,0.003811660176050462,1.7713077124450097e-09
1.3892141756548535,0.003781006609550691,1.6636093996023478e-09
1.3913713405238828,0.0037492381636447794,1.5623070132243338e-09
1.393528505392912,0.0037163818305347915,1.467030233022231e-09
1.3956856702619413,0.0036824651636034886,1.3774295973041313e-09
1.3978428351309706,0.003647516252822692,1.2931753630146406e-09
1.4,0.003611563700021427,1.2139564260304413e-09
