x_over_sigma,two_source_signal,single_gaussian_fit,residual
-7.0,1.5229992408878178e-08,5.175987321647582e-05,-5.1744643224066944e-05
-6.979971387696709,1.717127283720557e-08,5.4850141574413385e-05,-5.483297030157618e-05
-6.9599427753934195,1.935223264230969e-08,5.811525394111543e-05,-5.809590170847312e-05
-6.939914163090129,2.1801453507178388e-08,6.156450114908449e-05,-6.154269969557732e-05
-6.919885550786838,2.4550797680005333e-08,6.520763177344962e-05,-6.518308097576962e-05
-6.8998569384835475,2.763576882458956e-08,6.90548726294345e-05,-6.90272368606099e-05
-6.879828326180258,3.1095910697492616e-08,7.31169500755785e-05,-7.3085854164881e-05
-6.859799713876967,3.4975247402805476e-08,7.740511214853408e-05,-7.737013690113127e-05
-6.839771101573676,3.9322769323525316e-08,8.193115155578914e-05,-8.189182878646562e-05
-6.819742489270387,4.419296920649674e-08,8.670742955319086e-05,-8.666323658398437e-05
-6.799713876967096,4.964643328786925e-08,9.174690073466825e-05,-9.169725430138038e-05
-6.779685264663805,5.575049279053327e-08,9.706313876205742e-05,-9.700738826926688e-05
-6.759656652360515,6.257994160661611e-08,0.0001026703630634473,-0.00010260778312184068
-6.739628040057225,7.021782649956577e-08,0.00010858346652894949,-0.00010851324870244992
-6.719599427753934,7.875631672461518e-08,0.00011481804423328842,-0.0001147392879165638
-6.6995708154506435,8.82976605765493e-08,0.00012139042321506854,-0.00012130212555449199
-6.679542203147354,9.895523703304597e-08,0.00012831769334304799,-0.00012821873810601493
-6.659513590844063,1.1085471137387243e-07,0.0001356177393001812,-0.00013550688458880731
-6.639484978540772,1.2413530442462035e-07,0.00014330927371662366,-0.00014318513841219904
-6.619456366237483,1.3895118590234398e-07,0.00015141187148329954,-0.0001512729202973972
-6.599427753934192,1.554730032335438e-07,0.00015994600527802577,-0.00015979053227479224
-6.579399141630901,1.738895581767575e-07,0.0001689330823365433,-0.00016875919277836655
-6.5593705293276106,1.9440964461718165e-07,0.0001783954825011614,-0.0001782010728565442
-6.539341917024321,2.1726406201400383e-07,0.0001883565975800402,-0.0001881393335180262
-6.51931330472103,2.427078201776045e-07,0.00019884087205041077,-0.00019859816423023317
-6.499284692417739,2.710225523387024e-07,0.00020987384513931353,-0.00020960282258697483
-6.47925608011445,3.0251915485053796e-07,0.00022148219431566044,-0.0002211796751608099
-6.459227467811159,3.375406733439971e-07,0.00023369378022762197,-0.00023335623955427796
-6.439198855507868,3.7646545674031835e-07,0.00024653769311950376,-0.00024616122766276343
-6.419170243204578,4.197106022230524e-07,0.0002600443007624035,-0.00025962459016018046
-6.399141630901288,4.677357160867718e-07,0.00027424529793302287,-0.0002737775622169361
-6.379113018597997,5.210470173215596e-07,0.00028917375747505305,-0.00028865271045773146
-6.3590844062947065,5.802018128666645e-07,0.0003048641829775459,-0.0003042839811646792
-6.339055793991417,6.458133756812896e-07,0.0003213525631046448,-0.0003207067497289635
-6.319027181688126,7.185562591428173e-07,0.00033867642761093683,-0.000337957871351794
-6.298998569384835,7.991720838008209e-07,0.00035687490507653946,-0.00035607573299273863
-6.278969957081545,8.88475835197163e-07,0.00037598878239585167,-0.00037510030656065453
-6.258941344778255,9.873627143164247e-07,0.0003960605660535869,-0.0003950732033392705
-6.238912732474964,1.0968155852657076e-06,0.00041713454522145966,-0.000416037729636194
-6.218884120171674,1.2179130680069586e-06,0.00043925685670840903,-0.00043803894364040206
-6.198855507868384,1.3518383273876935e-06,0.0004624755517968982,-0.00046112371346951055
-6.178826895565093,1.4998886133460038e-06,0.0004868406649972297,-0.0004853407763838837
-6.1587982832618025,1.6634856110124552e-06,0.0005124042847512611,-0.0005107407991402486
-6.138769670958512,1.8441866635046295e-06,0.0005392206261162403,-0.0005373764394527357
-6.118741058655222,2.0436969345181014e-06,0.0005673461054587192,-0.0005653024085242011
-6.098712446351931,2.2638825823712234e-06,0.0005968394171877044,-0.0005945755346053332
-6.078683834048641,2.506785021968395e-06,0.0006277616125552781,-0.0006252548275333097
-6.058655221745351,2.7746363562184212e-06,0.0006601761805519473,-0.0006574015441957288
-6.03862660944206,3.0698760637887754e-06,0.0006941491309228984,-0.0006910792548591097
-6.0185979971387695,3.3951690357034076e-06,0.0007297490793301346,-0.0007263539102944312
-5.998569384835479,3.753425059210299e-06,0.0007670473346842636,-0.0007632939096250533
-5.978540772532189,4.147819853562534e-06,0.0008061179886682775,-0.000801970168814715
-5.958512160228898,4.581817768883456e-06,0.0008470380074742446,-0.0008424561897053611
-5.938483547925608,5.059196266128794e-06,0.0008898873257722354,-0.0008848281295061066
-5.918454935622318,5.584072303325693e-06,0.0009347489429291647,-0.000929164870625839
-5.898426323319027,6.160930760765261e-06,0.0009817090214934113,-0.000975548090732646
-5.878397711015737,6.7946550456591464e-06,0.0010308569879591942,-0.0010240623329135351
-5.858369098712446,7.490560024947823e-06,0.0010822856358226837,-0.0010747950757977358
-5.838340486409156,8.254427443470555e-06,0.0011360912309396874,-0.001127836803496217
-5.8183118741058655,9.092543993581701e-06,0.0011923736191924925,-0.0011832810751989107
-5.798283261802575,1.001174221152386e-05,0.0012512363364710832,-0.0012412245942595593
-5.778254649499285,1.1019444385451033e-05,0.0013127867209714568,-0.0013017672765860057
-5.758226037195994,1.2123709669928724e-05,0.001377136027811146,-0.0013650123181412172
-5.738197424892704,1.3333284612026502e-05,0.0014443995459592456,-0.001431066261347219
-5.718168812589413,1.4657657304756618e-05,0.0015146967174754305,-0.0015000390601706739
-5.698140200286123,1.610711539459241e-05,0.001588151259049389,-0.0015720441436547967
-5.6781115879828326,1.769280818112104e-05,0.0016648912858289167,-0.0016471984776477956
-5.658082975679542,1.942681305853044e-05,0.0017450494375216385,-0.0017256226244631082
-5.638054363376252,2.132220656059645e-05,0.0018287630067519267,-0.0018074408001913303
-5.618025751072961,2.3393140283103043e-05,0.0019161740696509396,-0.0018927809293678365
-5.597997138769671,2.5654921970180067e-05,0.0020074296186539872,-0.001981774696683807
-5.57796852646638,2.8124102063868062e-05,0.0021026816974756405,-0.0020745575954117723
-5.55793991416309,3.08185660292824e-05,0.0022020875382289004,-0.002171268972199618
-5.5379113018598,3.375763278103665e-05,0.002305809700650639,-0.0022720520678696024
-5.51788268955651,3.6962159550058464e-05,0.0024140162133911543,-0.002377054053841096
-5.497854077253219,4.0454653543570765e-05,0.0025268807173213716,-0.0024864260637778007
-5.4778254649499285,4.425939076475936e-05,0.002644582610806416,-0.0026003232200416566
-5.457796852646638,4.8402542372493294e-05,0.0027673071968897715,-0.0027189046545172783
-5.437768240343347,5.291230897533375e-05,0.0028952458323271203,-0.0028423335233517867
-5.417739628040057,5.781906326793205e-05,0.0030285960784040924,-0.0029707770151361605
-5.397711015736767,6.315550143171619e-05,0.0031675618534669514,-0.0031044063520352353
-5.377682403433477,6.89568037354365e-05,0.0033123535870897046,-0.003243396783354268
-5.357653791130186,7.526080478463884e-05,0.0034631883757960647,-0.003387927571011426
-5.337625178826896,8.210817388235323e-05,0.0036202901402486044,-0.003538181966366251
-5.317596566523605,8.954260597621246e-05,0.0037838897838121262,-0.0036943471778359137
-5.297567954220314,9.761102367970007e-05,0.003954225352392063,-0.003856614328712363
-5.2775393419170245,0.00010636379086724708,0.004131542195442877,-0.00402517840457563
-5.257510729613734,0.00011585493835432968,0.004316093128035332,-0.004200238189681003
-5.237482117310444,0.00012614240218446475,0.0045081385938648836,-0.004381996191680419
-5.217453505007153,0.00013728827505500016,0.004707946829077647,-0.004570658554022647
-5.197424892703863,0.00014935907142266512,0.004915794026783225,-0.00476643495536056
-5.177396280400572,0.00016242600683797278,0.0051319645021175335,-0.00496953849527956
-5.157367668097281,0.00017656529206452705,0.005356750857711792,-0.005180185565647265
-5.1373390557939915,0.00019185844254504268,0.005590454149417056,-0.005398595706872013
-5.117310443490701,0.0002083926037802543,0.005833384052126773,-0.005624991448346519
-5.097281831187411,0.00022626089318974723,0.006085859025532631,-0.005859598132342884
-5.07725321888412,0.00024556275902497775,0.006348206479642294,-0.006102643720617316
-5.05722460658083,0.0002664043569041398,0.006620762939879725,-0.006354358582975585
-5.037195994277539,0.0002888989445360365,0.006903874211582297,-0.0066149752670462605
-5.017167381974248,0.0003131672951954484,0.007197895543700996,-0.006884728248505547
-4.997138769670959,0.0003393381305056141,0.007503191791502933,-0.007163853660997319
-4.977110157367668,0.00036754857307407386,0.007820137578067883,-0.007452589004993809
-4.957081545064378,0.0003979446195161924,0.00814911745436303,-0.007751172834846838
-4.9370529327610875,0.0004306816343859738,0.008490526057672995,-0.008059844423287022
-4.917024320457797,0.0004659248655160531,0.008844768268153846,-0.008378843402637793
-4.896995708154506,0.000503849981248001,0.009212259363273662,-0.008708409382025661
-4.8769670958512155,0.0005446436300098982,0.009593425169893255,-0.009048781539883357
-4.856938483547926,0.0005885040226705378,0.009988702213734305,-0.009400198191063767
-4.836909871244635,0.0006356415380683194,0.010398537865974201,-0.009762896327905881
-4.816881258941345,0.0006862793520776963,0.010823390486699365,-0.010137111134621669
-4.7968526466380546,0.0007406540905369101,0.011263729564942222,-0.010523075474405312
-4.776824034334764,0.0007990165063172358,0.01172003585501855,-0.010921019348701313
-4.756795422031473,0.0008616321807662354,0.012192801508876104,-0.01133116932810987
-4.7367668097281825,0.0009287822497050909,0.01268253020415712,-0.011753747954452028
-4.716738197424893,0.0010007641541030106,0.01318973726767114,-0.01218897311356813
-4.696709585121602,0.0010778924154897403,0.013714949793967486,-0.012637057378477746
-4.676680972818312,0.0011604994361001277,0.014258706758689777,-0.01309820732258965
-4.656652360515022,0.0012489363236726442,0.014821559126389125,-0.01357262280271648
-4.636623748211731,0.0013435737407460908,0.015404069952464954,-0.014060496211718863
-4.61659513590844,0.001444802778216003,0.016006814478898065,-0.014562011700682062
-4.59656652360515,0.0015530358528237115,0.01663038022343262,-0.015077344370608908
-4.57653791130186,0.0016687076281570404,0.017275367061859725,-0.015606659433702685
-4.55650929899857,0.0017922759586419081,0.017942387303048615,-0.016150111344406706
-4.536480686695279,0.0019242228558986204,0.01863206575636698,-0.01670784290046836
-4.516452074391989,0.0020650554767254452,0.0193450397911266,-0.017279984314401156
-4.496423462088698,0.002215307131855144,0.020081959387686265,-0.01786665225583112
-4.476394849785407,0.0023755383145072253,0.020843487179838888,-0.018467948865331662
-4.456366237482117,0.0025463377476303535,0.02163029848810716,-0.01908396074047681
-4.436337625178827,0.0027283234485951406,0.022443081343566634,-0.019714757894971492
-4.416309012875537,0.002922143809957865,0.023282536501813566,-0.020360392691855703
-4.3962804005722464,0.0031284786947704465,0.024149377446691045,-0.0210208987519206
-4.376251788268956,0.003348040544761636,0.025044330383384855,-0.02169628983862322
-4.356223175965665,0.0035815754995588466,0.02596813422049853,-0.022386558720939684
-4.336194563662374,0.0038298645249595213,0.026921540540715504,-0.023091676015755982
-4.316165951359084,0.004093724548095965,0.027905313559655427,-0.023811589011559463
-4.296137339055794,0.004374009597168222,0.0289202300725303,-0.024546220475362077
-4.276108726752504,0.004671611943246208,0.02996707938820775,-0.025295467444961542
-4.2560801144492135,0.0049874632414652256,0.031046663250287147,-0.02605920000882192
-4.236051502145923,0.00532253566875905,0.03215979574479693,-0.02683726007603788
-4.216022889842632,0.005677843055091822,0.033307303194122805,-0.027629460139030983
-4.1959942775393415,0.006054442004964752,0.03449002403677753,-0.028435582031812776
-4.175965665236052,0.006453433005787007,0.035708808692627825,-0.029255375686840817
-4.155937052932761,0.006875961519512323,0.036964519413195444,-0.030088557893683122
-4.135908440629471,0.007323219053754217,0.03825803011665427,-0.030934811062900053
-4.115879828326181,0.007796444208405337,0.03959022620715084,-0.0317937819987455
-4.09585121602289,0.008296923693598277,0.040962004378079286,-0.03266508068448101
-4.075822603719599,0.008825993314660998,0.04237427239894958,-0.03354827908428858
-4.055793991416309,0.009385038919536196,0.04382794888549356,-0.03444290996595736
-4.035765379113019,0.009975497303954922,0.045323963052660836,-0.03534846574870591
-4.015736766809728,0.010598857069479807,0.04686325445016626,-0.03626439738068645
-3.995708154506438,0.011256659429362626,0.04844677268025655,-0.03719011325089393
-3.9756795422031472,0.01195049895699828,0.050075477097377724,-0.03812497814037945
-3.955650929899857,0.012682024271599706,0.051750336489430365,-0.03906831221783066
-3.9356223175965663,0.013452938655571074,0.05347232874031712,-0.040019390084746045
-3.915593705293276,0.014265000597916805,0.05524244047349158,-0.04097743987557478
-3.895565092989986,0.015120024257896525,0.05706166667623776,-0.04194164241834123
-3.875536480686695,0.016019879843018562,0.05893101030441809,-0.04291113046139952
-3.855507868383405,0.0169664938953609,0.06085148186744329,-0.04388498797208239
-3.8354792560801143,0.017961849480118704,0.06282409899323582,-0.04486224951311712
-3.815450643776824,0.01900798627020172,0.06484988597296916,-0.04584189970276744
-3.7954220314735334,0.020107000520647275,0.06692987328538698,-0.046822872764739704
-3.775393419170243,0.0212610449265724,0.06906509710052208,-0.04780405217394969
-3.755364806866953,0.02247232835836705,0.07125659876265232,-0.04878427040428527
-3.7353361945636623,0.023743115467827168,0.07350542425235274,-0.04976230878452557
-3.715307582260372,0.02507572615894504,0.07581262362751977,-0.050736897468574724
-3.6952789699570814,0.02647253491711572,0.07817925044326937,-0.05170671552615365
-3.675250357653791,0.027935969990580973,0.08060636115062605,-0.052670391160045085
-3.655221745350501,0.029468512418022896,0.08309501447394893,-0.053626502055926034
-3.6351931330472103,0.031072694896331108,0.08564627076705962,-0.054573575870728516
-3.61516452074392,0.032751100482709836,0.08826119134806293,-0.05551009086535309
-3.5951359084406294,0.03450636112545895,0.09094083781287643,-0.05643447668741748
-3.575107296137339,0.036341156017958634,0.09368627132750795,-0.05734511530954932
-3.5550786838340485,0.03825820977061473,0.09649855189915209,-0.058240342128537355
-3.5350500715307582,0.040260290395776076,0.09937873762619531,-0.05911844723041924
-3.515021459227468,0.04235020710092291,0.10232788392725639,-0.05997767682633348
-3.4949928469241773,0.04453080788574214,0.10534704274941036,-0.06081623486366822
-3.474964234620887,0.0468049769390552,0.10843726175577482,-0.061632284816719625
-3.4549356223175964,0.04917563183194626,0.11159958349267232,-0.06242395166072606
-3.434907010014306,0.05164572050385084,0.11483504453660198,-0.06318932403275114
-3.4148783977110155,0.05421821803881401,0.11814467462129731,-0.0639264565824833
-3.3948497854077253,0.056896123229603,0.12152949574516801,-0.064633372515565
-3.374821173104435,0.05968245492787423,0.12499052125946118,-0.06530806633158695
-3.3547925608011444,0.06258024817913431,0.12852875493750923,-0.06594850675837492
-3.334763948497854,0.06559255014181307,0.13214519002545977,-0.0665526398836467
-3.3147353361945635,0.06872241579037161,0.1358408082749261,-0.06711839248455448
-3.2947067238912733,0.07197290340300458,0.13961657895801793,-0.06764367555501336
-3.274678111587983,0.0753470698351644,0.14347345786525628,-0.06812638803009188
-3.2546494992846924,0.07884796558082703,0.147412386286905,-0.06856442070607797
-3.234620886981402,0.08247862962414379,0.1514342899782882,-0.06895566035414441
-3.2145922746781115,0.08624208408487015,0.15554007810969625,-0.0692979940248261
-3.1945636623748213,0.0901413286617345,0.15973064220151748,-0.06958931353978298
-3.1745350500715306,0.09417933487870576,0.16400685504527138,-0.06982752016656561
-3.1545064377682404,0.09835904013993246,0.1683695696112471,-0.07001052947131464
-3.13447782546495,0.10268334159996129,0.17281961794349224,-0.07013627634353095
-3.1144492131616595,0.10715508985669159,0.17735781004293066,-0.07020272018623908
-3.0944206008583692,0.11177708247538608,0.18198493273941602,-0.07020785026402994
-3.0743919885550786,0.11655205735293453,0.18670174855357696,-0.07014969120064243
-3.0543633762517883,0.12148268593244614,0.19150899454932424,-0.0700263086168781
-3.0343347639484977,0.12657156627913962,0.19640738117794532,-0.06983581489880569
-3.0143061516452074,0.13182121602938432,0.2013975911147269,-0.06957637508534259
-2.994277539341917,0.13723406522564124,0.20648027808909353,-0.06924621286345228
-2.9742489270386265,0.1428124490509313,0.2116560657092744,-0.0688436166583431
-2.954220314735336,0.14855860047733863,0.21692554628254568,-0.06836694580520705
-2.934191702432046,0.15447464284392037,0.22228927963212852,-0.06781463678820815
-2.9141630901287554,0.16056258238024315,0.22774779191185418,-0.06718520953161103
-2.8941344778254647,0.16682430069259382,0.2333015744197316,-0.06647727372713777
-2.874105865522175,0.17326154723072362,0.23895108241159418,-0.06568953518087056
-2.8540772532188843,0.17987593175375957,0.2446967339160214,-0.06482080216226183
-2.8340486409155936,0.18666891681466063,0.2505389085517591,-0.06386999173709845
-2.814020028612303,0.1936418102833181,0.25647794634889887,-0.06283613606558078
-2.793991416309013,0.20079575792905927,0.26251414657508937,-0.0617183886460301
-2.7739628040057225,0.2081317360839495,0.26864776656808825,-0.060516030484138755
-2.753934191702432,0.2156505444088596,0.2748790205759777,-0.05922847616711807
-2.733905579399142,0.22335279878480102,0.28120807860639946,-0.05785527982159844
-2.7138769670958514,0.23123892435249532,0.2876350652861763,-0.05639614093368095
-2.6938483547925607,0.23930914872355283,0.29416005873270973,-0.0548509100091569
-2.67381974248927,0.24756349538699116,0.3007830894385677,-0.05321959405157653
-2.6537911301859802,0.2560017773350908,0.30750413917068337,-0.05150236183559259
-2.6337625178826896,0.26462359093279925,0.31432313988561045,-0.0496995489528112
-2.613733905579399,0.27342831005501833,0.3212399726622833,-0.04781166260726499
-2.593705293276109,0.2824150805161727,0.32825446665375746,-0.04583938613758476
-2.5736766809728184,0.2915828148164196,0.33536639805940105,-0.04378358324298143
-2.5536480686695278,0.30093018722874526,0.3425754891190239,-0.04164530189027865
-2.533619456366237,0.3104556292510044,0.34988140713044,-0.03942577787943563
-2.5135908440629473,0.3201573254466557,0.3572837634919577,-0.03712643804530197
-2.4935622317596566,0.33003320969757527,0.3647821127712996,-0.03474890307372436
-2.473533619456366,0.3400809618918451,0.37237595180245275,-0.03229498991060764
-2.453505007153076,0.35029800506885705,0.3800647188119494,-0.029766713743092366
-2.4334763948497855,0.3606815030433972,0.3878477925760801,-0.027166289532682908
-2.413447782546495,0.3712283585296144,0.39572449161052414,-0.024496133080909754
-2.393419170243204,0.38193521178492806,0.403694073393889,-0.021758861608960955
-2.3733905579399144,0.39279843979296003,0.4117557336266341,-0.01895729383367406
-2.3533619456366237,0.4038141560035391,0.4199086055268412,-0.016094449523302135
-2.333333333333333,0.4149782106466604,0.42815175916428316,-0.013173548517622757
-2.3133047210300433,0.4262861916360614,0.4364842008342268,-0.010198009198165381
-2.2932761087267526,0.43773342607672544,0.44490487247239074,-0.007171446395665304
-2.273247496423462,0.44931498238919904,0.4534126511124434,-0.004097668723244352
-2.253218884120172,0.46102567306210945,0.46200634838742993,-0.0009806753253204792
-2.2331902718168815,0.4728600580426572,0.47068471007646706,0.002175347966190122
-2.213161659513591,0.4848124487731771,0.47944641569802776,0.0053660330751493235
-2.1931330472103,0.49687691288012054,0.4882900781511155,0.00858683472900501
-2.1731044349070103,0.5090472795199605,0.49721424340558035,0.011833036114380191
-2.1530758226037197,0.5213171453846376,0.506217390242808,0.015099755141829596
-2.133047210300429,0.533679881367186,0.5152979300479681,0.018381951319217937
-2.113018597997139,0.54612863988618,0.5244542066549774,0.02167443323120255
-2.0929899856938485,0.5586563628655491,0.5336844962452861,0.02497186662026296
-2.072961373390558,0.5712557903641976,0.5429870073015512,0.028268783062646352
-2.052932761087267,0.583919469847719,0.5523598806172241,0.031559589230494955
-2.0329041487839774,0.5966397660922916,0.5618011893630246,0.034838576729267046
-2.0128755364806867,0.6094088717086434,0.571308939211226,0.03809993249741739
-1.992846924177396,0.6222188182717315,0.5808810685186208,0.041337749753110775
-1.9728183118741063,0.6350614880395631,0.5905154485689929,0.04454603947057023
-1.9527896995708156,0.6479286262423343,0.6002098838758557,0.04771874236647855
-1.932761087267525,0.6608118539208324,0.6099621125461583,0.05084974137467413
-1.9127324749642343,0.6737026812908516,0.6197698067056114,0.05393287458524021
-1.8927038626609445,0.6865925216081689,0.6296305729862137,0.05696194862195514
-1.8726752503576538,0.6994727055064891,0.6395419530765012,0.05993075242998791
-1.8526466380543631,0.712334495778644,0.6495014243349708,0.06283307144367323
-1.8326180257510734,0.725169102569299,0.6595064004670715,0.06566270210222747
-1.8125894134477827,0.7379676989454063,0.6695542322660855,0.0684134666793208
-1.792560801144492,0.7507214368087279,0.6796422084181395,0.07107922839058844
-1.7725321888412013,0.7634214631129173,0.6897675563715383,0.07365390674137895
-1.7525035765379116,0.7760589363458791,0.6999274432705188,0.07613149307536027
-1.7324749642346209,0.7886250432364856,0.7101189769534623,0.07850606628302337
-1.7124463519313302,0.8011110156431545,0.720339207015516,0.08077180862763844
-1.6924177396280404,0.8135081475803825,0.7305851259355141,0.08292302164486842
-1.6723891273247498,0.8258078123379894,0.7408536702669992,0.08495414207099017
-1.652360515021459,0.8380014796466461,0.751141721893067,0.08685975775357901
-1.6323319027181684,0.8500807328422194,0.761446109344689,0.08863462349753037
-1.6123032904148786,0.862037285980542,0.7717636091820774,0.09027367679846454
-1.592274678111588,0.8738630008534758,0.7820909474385861,0.0917720534148897
-1.5722460658082973,0.8855499038565106,0.7924248011265476,0.093125102729963
-1.5522174535050075,0.8970902026577291,0.8027617998043827,0.09432840285334643
-1.5321888412017168,0.9084763026176679,0.8130985272042297,0.09537777541343817
-1.5121602288984262,0.919700822909504,0.8234315229192504,0.09626929999025358
-1.4921316165951355,0.9307566122890777,0.8337572841497101,0.09699932813936762
-1.4721030042918457,0.9416367644644891,0.8440722675068308,0.09756449695765823
-1.452074391988555,0.9523346330154415,0.8543728908733429,0.09796174214209863
-1.4320457796852644,0.9628438458131007,0.8646555353195787,0.09818831049352195
-1.4120171673819746,0.9731583188920335,0.8749165470738762,0.0982417718181573
-1.391988555078684,0.9832722697267551,0.8851522395459818,0.09812003018077331
-1.3719599427753932,0.9931802298665521,0.8953588954020506,0.09782133446450147
-1.3519313304721035,1.0028770568836014,0.9055327686897876,0.0973442881938138
-1.3319027181688128,1.0123579455908929,0.9156700870121819,0.09668785857871098
-1.311874105865522,1.0216184384881537,0.9257670537482093,0.09585138473994437
-1.2918454935622314,1.0306544353958353,0.93581985031882,0.09483458507701537
-1.2718168812589417,1.0394622022392381,0.9458246384964402,0.09363756374279797
-1.251788268955651,1.0480383789470438,0.9557775627561577,0.09226081619088611
-1.2317596566523603,1.056379986430859,0.9656747526666802,0.09070523376417872
-1.2117310443490705,1.0644844326148857,0.975512325319106,0.08897210729577965
-1.1917024320457799,1.0723495174874567,0.9852863877914636,0.08706312969599306
-1.1716738197424892,1.0799734371489569,0.9949930396469212,0.08498039750203568
-1.1516452074391985,1.0873547868335545,1.0046283754635128,0.08272641137004166
-1.1316165951359087,1.0944925628851834,1.014188487393154,0.08030407549202945
-1.111587982832618,1.1013861636713524,1.0236694677476816,0.07771669592367081
-1.0915593705293274,1.1080353894215782,1.033067411609579,0.07496797781199915
-1.0715307582260376,1.114440440980563,1.042378419465014,0.07206202151554897
-1.051502145922747,1.1206019174696258,1.0515985998567632,0.0690033176128626
-1.0314735336194563,1.1265208128533502,1.0607240720545374,0.0657967407988127
-1.0114449213161656,1.1321985114119304,1.0697509687402067,0.0624475426717237
-0.9914163090128758,1.1376367821232394,1.0786754387053545,0.05896134341788484
-0.9713876967095851,1.1428377719622205,1.0874936495585785,0.05534412240364195
-0.9513590844062945,1.1478039981288006,1.096201790439901,0.05160220768889956
-0.9313304721030047,1.1525383392191113,1.1047960747396408,0.0477422644794705
-0.911301859799714,1.1570440253583845,1.1132727428190554,0.04377128253932905
-0.8912732474964233,1.1613246273174445,1.121628064730045,0.03969656258739951
-0.8712446351931327,1.1653840446382333,1.129858342931195,0.03552570170703828
-0.8512160228898429,1.1692264927972666,1.1379599149974056,0.031266577799861084
-0.8311874105865522,1.1728564894393148,1.1459291563203517,0.026927333118963004
-0.8111587982832615,1.1762788397169122,1.1537624827970032,0.022516356919908942
-0.7911301859799718,1.1794986207745333,1.1614563535034306,0.018042267271102697
-0.7711015736766811,1.1825211654193784,1.1690072733511236,0.013513892068254707
-0.7510729613733904,1.1853520450237118,1.1764117957230351,0.008940249300676717
-0.7310443490700997,1.1879970517065712,1.183666525086591,0.004330526619980235
-0.71101573676681,1.1904621798453814,1.1907681195808946,-0.0003059397355131832
-0.6909871244635193,1.1927536069705815,1.1977132935753827,-0.004959686604801172
-0.6709585121602286,1.1948776740987803,1.204498820197188,-0.009621146098407696
-0.6509298998569388,1.1968408655621827,1.2111215338245065,-0.01428066826232377
-0.6309012875536482,1.1986497883940839,1.2175783325432703,-0.018928544149186433
-0.6108726752503575,1.200311151332067,1.223866180564463,-0.023555029232396052
-0.5908440629470668,1.2018317435022061,1.22998211059945,-0.028150367097243834
-0.570815450643777,1.2032184128490009,1.2359232261907185,-0.0327048133417176
-0.5507868383404864,1.2044780443770096,1.241686703995478,-0.03720865961846842
-0.5307582260371957,1.20561753827113,1.2472697960195909,-0.04165225774846082
-0.5107296137339059,1.2066437879632728,1.2526698317993723,-0.04602604383609954
-0.49070100143061524,1.2075636582136908,1.2578842205288325,-0.050320562315141704
-0.47067238912732456,1.2083839632755535,1.2629104531299873,-0.05452648985443376
-0.4506437768240348,1.2091114452114113,1.2677461042639275,-0.05863465905251619
-0.4306151645207441,1.2097527524300302,1.272388834280393,-0.06263608185036285
-0.41058655221745344,1.2103144185116597,1.2768363911036493,-0.06652197259198966
-0.39055793991416277,1.21080284138915,1.2810866120525515,-0.07028377066340141
-0.370529327610873,1.2112242629514463,1.2851374255927277,-0.07391316264128145
-0.3505007153075823,1.2115847491348501,1.2889868530189013,-0.07740210388405111
-0.33047210300429164,1.2118901705660927,1.2926330100654342,-0.08074283949934147
-0.31044349070100186,1.2121461838196637,1.2960741084432628,-0.0839279246235991
-0.2904148783977112,1.2123582133500284,1.2993084573014653,-0.08695024395143691
-0.2703862660944205,1.2125314341573386,1.302334464611793,-0.08980303045445437
-0.25035765379112984,1.2126707552429892,1.3051506384745766,-0.0924798832315874
-0.23032904148784006,1.2127808039089292,1.307755588344508,-0.09497478443557883
-0.2103004291845494,1.2128659109519908,1.31014802617489,-0.09728211522289909
-0.19027181688125872,1.2129300968016667,1.31232676747903,-0.09939667067736324
-0.17024320457796893,1.2129770586467596,1.3142907323075614,-0.1013136736608018
-0.15021459227467826,1.2130101585931519,1.3160389461405586,-0.10302878754740674
-0.1301859799713876,1.2130324128916148,1.3175705406934126,-0.10453812780179783
-0.11015736766809692,1.213046482271106,1.3188847546355396,-0.10583827236443355
-0.09012875536480713,1.213054663409403,1.3199809342210864,-0.10692627081168338
-0.07010014306151646,1.2130588815691943,1.3208585338309005,-0.10779965226170618
-0.05007153075822579,1.213060684423937,1.3215171164251371,-0.10845643200120003
-0.030042918454936007,1.213061237093875,1.3219563539059804,-0.10889511681210551
-0.010014306151645336,1.2130613184086125,1.3221760273900496,-0.10911470898143705
0.010014306151645336,1.2130613184086125,1.3221760273901824,-0.10911470898156983
0.030042918454936007,1.213061237093875,1.3219563539063788,-0.10889511681250386
0.05007153075822579,1.213060684423937,1.321517116425801,-0.10845643200186394
0.07010014306151646,1.2130588815691943,1.3208585338318295,-0.10779965226263521
0.09012875536480713,1.213054663409403,1.3199809342222801,-0.10692627081287709
0.11015736766809692,1.213046482271106,1.3188847546369975,-0.1058382723658915
0.1301859799713876,1.2130324128916148,1.3175705406951335,-0.10453812780351868
0.15021459227467826,1.2130101585931519,1.3160389461425421,-0.10302878754939027
0.17024320457796893,1.2129770586467596,1.3142907323098065,-0.10131367366304689
0.19027181688125872,1.2129300968016667,1.312326767481535,-0.09939667067986835
0.2103004291845494,1.2128659109519908,1.3101480261776544,-0.09728211522566355
0.23032904148784006,1.2127808039089292,1.3077555883475303,-0.09497478443860108
0.25035765379112984,1.2126707552429892,1.3051506384778548,-0.09247988323486567
0.2703862660944205,1.2125314341573386,1.302334464615326,-0.08980303045798754
0.2904148783977112,1.2123582133500284,1.2993084573052511,-0.08695024395522277
0.31044349070100097,1.2121461838196637,1.2960741084472998,-0.0839279246276361
0.33047210300429164,1.2118901705660927,1.29263301006972,-0.08074283950362737
0.3505007153075823,1.2115847491348501,1.288986853023434,-0.07740210388858393
0.370529327610873,1.2112242629514463,1.2851374255975052,-0.07391316264605896
0.39055793991416277,1.21080284138915,1.2810866120575715,-0.0702837706684214
0.41058655221745344,1.2103144185116597,1.2768363911089093,-0.06652197259724968
0.4306151645207441,1.2097527524300302,1.2723888342858904,-0.06263608185586023
0.4506437768240339,1.2091114452114113,1.2677461042696598,-0.058634659058248495
0.47067238912732456,1.2083839632755535,1.262910453135951,-0.05452648986039743
0.49070100143061524,1.2075636582136908,1.2578842205350256,-0.05032056232133475
0.5107296137339059,1.2066437879632728,1.2526698318057914,-0.04602604384251863
0.5307582260371957,1.20561753827113,1.2472697960262327,-0.04165225775510262
0.5507868383404864,1.2044780443770096,1.2416867040023398,-0.037208659625330265
0.570815450643777,1.2032184128490009,1.2359232261977968,-0.032704813348795936
0.5908440629470668,1.2018317435022061,1.2299821106067415,-0.028150367104535334
0.6108726752503575,1.200311151332067,1.2238661805719644,-0.023555029239897385
0.6309012875536482,1.1986497883940839,1.2175783325509777,-0.018928544156893823
0.6509298998569388,1.1968408655621827,1.2111215338324162,-0.014280668270233443
0.6709585121602286,1.1948776740987803,1.2044988202052966,-0.00962114610651632
0.6909871244635193,1.1927536069705815,1.1977132935836863,-0.004959686613104752
0.71101573676681,1.1904621798453814,1.1907681195893893,-0.00030593974400794366
0.7310443490700997,1.1879970517065712,1.183666525095273,0.004330526611298291
0.7510729613733904,1.1853520450237118,1.1764117957319002,0.008940249291811586
0.7711015736766811,1.1825211654193784,1.1690072733601677,0.013513892059210608
0.7911301859799718,1.1794986207745333,1.1614563535126499,0.018042267261883405
0.8111587982832615,1.1762788397169122,1.153762482806393,0.02251635691051912
0.8311874105865522,1.1728564894393148,1.1459291563299083,0.026927333109406426
0.8512160228898429,1.1692264927972666,1.1379599150071242,0.031266577790142414
0.8712446351931327,1.1653840446382333,1.1298583429410716,0.03552570169716174
0.8912732474964233,1.1613246273174445,1.121628064740075,0.03969656257736953
0.911301859799714,1.1570440253583845,1.1132727428292344,0.04377128252915008
0.9313304721030047,1.1525383392191113,1.1047960747499643,0.04774226446914698
0.9513590844062945,1.1478039981288006,1.0962017904503647,0.05160220767843593
0.9713876967095851,1.1428377719622205,1.0874936495691774,0.055344122393043094
0.9914163090128758,1.1376367821232394,1.0786754387160842,0.0589613434071552
1.0114449213161656,1.1321985114119304,1.0697509687510627,0.062447542660867716
1.0314735336194563,1.1265208128533502,1.060724072065515,0.06579674078783526
1.051502145922747,1.1206019174696258,1.0515985998678574,0.06900331760176837
1.0715307582260376,1.114440440980563,1.0423784194762207,0.07206202150434238
1.0915593705293283,1.108035389421578,1.0330674116208927,0.07496797780068531
1.1115879828326172,1.1013861636713527,1.023669467759099,0.07771669591225372
1.1316165951359078,1.0944925628851836,1.0141884874046692,0.08030407548051444
1.1516452074391985,1.0873547868335545,1.0046283754751208,0.08272641135843362
1.1716738197424892,1.0799734371489569,0.9949930396586181,0.08498039749033881
1.1917024320457799,1.0723495174874567,0.9852863878032442,0.08706312968421248
1.2117310443490705,1.0644844326148857,0.9755123253309659,0.0889721072839198
1.2317596566523612,1.0563799864308587,0.9656747526786142,0.09070523375224449
1.25178826895565,1.0480383789470442,0.9557775627681623,0.09226081617888193
1.2718168812589408,1.0394622022392386,0.94582463850851,0.09363756373072862
1.2918454935622314,1.0306544353958353,0.9358198503309495,0.09483458506488585
1.311874105865522,1.0216184384881537,0.9257670537603945,0.09585138472775923
1.3319027181688128,1.0123579455908929,0.9156700870244182,0.09668785856647466
1.3519313304721035,1.0028770568836014,0.9055327687020703,0.09734428818153107
1.3719599427753941,0.9931802298665516,0.895358895414375,0.09782133445217667
1.391988555078683,0.9832722697267555,0.8851522395583445,0.09812003016841098
1.4120171673819737,0.973158318892034,0.8749165470862716,0.09824177180576232
1.4320457796852644,0.9628438458131007,0.864655535332002,0.09818831048109866
1.452074391988555,0.9523346330154415,0.8543728908857903,0.09796174212965125
1.4721030042918457,0.9416367644644891,0.8440722675192978,0.09756449694519131
1.4921316165951364,0.9307566122890772,0.8337572841621917,0.0969993281268855
1.512160228898427,0.9197008229095035,0.8234315229317428,0.09626929997776068
1.532188841201716,0.9084763026176684,0.8130985272167296,0.09537777540093884
1.5522174535050066,0.8970902026577295,0.8027617998168852,0.09432840284084432
1.5722460658082973,0.8855499038565106,0.7924248011390477,0.09312510271746288
1.592274678111588,0.8738630008534758,0.7820909474510804,0.09177205340239536
1.6123032904148786,0.862037285980542,0.7717636091945619,0.09027367678598008
1.6323319027181693,0.8500807328422187,0.7614461093571592,0.08863462348505957
1.65236051502146,0.8380014796466455,0.7511417219055194,0.08685975774112609
1.6723891273247489,0.8258078123379898,0.7408536702794309,0.08495414205855889
1.6924177396280395,0.813508147580383,0.73058512594792,0.08292302163246301
1.7124463519313302,0.8011110156431545,0.7203392070278923,0.08077180861526212
1.7324749642346209,0.7886250432364856,0.710118976965806,0.07850606627067969
1.7525035765379116,0.7760589363458791,0.6999274432828257,0.07613149306305333
1.7725321888412022,0.7634214631129166,0.6897675563838047,0.07365390672911187
1.792560801144493,0.7507214368087274,0.6796422084303625,0.07107922837836489
1.8125894134477818,0.7379676989454068,0.6695542322782625,0.06841346666714432
1.8326180257510725,0.7251691025692996,0.6595064004791984,0.06566270209010117
1.8526466380543631,0.712334495778644,0.6495014243470436,0.06283307143160044
1.8726752503576538,0.6994727055064891,0.6395419530885177,0.05993075241797141
1.8927038626609445,0.6865925216081689,0.6296305729981703,0.05696194860999859
1.9127324749642352,0.673702681290851,0.6197698067175048,0.05393287457334617
1.9327610872675258,0.6608118539208319,0.6099621125579862,0.0508497413628457
1.9527896995708147,0.6479286262423349,0.600209883887616,0.04771874235471896
1.9728183118741054,0.6350614880395635,0.5905154485806817,0.0445460394588818
1.992846924177396,0.6222188182717315,0.5808810685302351,0.0413377497414964
2.0128755364806867,0.6094088717086434,0.5713089392227639,0.038099932485879506
2.0329041487839774,0.5966397660922916,0.5618011893744834,0.03483857671780821
2.052932761087268,0.5839194698477185,0.552359880628601,0.0315595892191175
2.0729613733905587,0.571255790364197,0.5429870073128441,0.02826878305135294
2.0929899856938476,0.5586563628655496,0.5336844962564936,0.024971866609056037
2.1130185979971383,0.5461286398861804,0.5244542066660964,0.021674433220084
2.133047210300429,0.533679881367186,0.515297930058996,0.01838195130818998
2.1530758226037197,0.5213171453846376,0.5062173902537435,0.015099755130894121
2.1731044349070103,0.5090472795199605,0.4972142434164214,0.01183303610353914
2.193133047210301,0.49687691288012004,0.4882900781618596,0.008586834718260439
2.2131616595135917,0.48481244877317653,0.4794464157086736,0.005366033064502951
2.2331902718168806,0.47286005804265774,0.47068471008701346,0.00217534795564428
2.2532188841201712,0.46102567306211,0.4620063483978749,-0.0009806753357649023
2.273247496423462,0.44931498238919904,0.4534126511227849,-0.0040976687335858575
2.2932761087267526,0.43773342607672544,0.44490487248262744,-0.0071714464059020044
2.3133047210300433,0.4262861916360614,0.43648420084435763,-0.010198009208296221
2.333333333333334,0.4149782106466599,0.42815175917430603,-0.013173548527646128
2.3533619456366246,0.4038141560035386,0.41990860553675574,-0.016094449533217148
2.3733905579399135,0.39279843979296053,0.41175573363643947,-0.01895729384347894
2.393419170243204,0.38193521178492806,0.4036940734035831,-0.021758861618655034
2.413447782546495,0.3712283585296144,0.3957244916201064,-0.024496133090492034
2.4334763948497855,0.3606815030433972,0.3878477925855496,-0.02716628954215239
2.453505007153076,0.35029800506885705,0.38006471882130516,-0.029766713752448104
2.473533619456367,0.34008096189184467,0.37237595181169386,-0.03229498991984919
2.4935622317596557,0.3300332096975757,0.36478211278042627,-0.03474890308285056
2.5135908440629464,0.32015732544665615,0.3572837635009684,-0.03712643805431226
2.533619456366237,0.3104556292510044,0.34988140713933413,-0.03942577788832974
2.5536480686695278,0.30093018722874526,0.34257548912780117,-0.04164530189905591
2.5736766809728184,0.2915828148164196,0.33536639806806107,-0.043783583251641445
2.593705293276109,0.2824150805161727,0.3282544666622997,-0.04583938614612698
2.6137339055793998,0.27342831005501783,0.32123997267070725,-0.04781166261568942
2.6337625178826887,0.2646235909327996,0.31432313989391664,-0.04969954896111706
2.6537911301859793,0.2560017773350912,0.3075041391788713,-0.0515023618437801
2.67381974248927,0.24756349538699116,0.3007830894466369,-0.05321959405964574
2.6938483547925607,0.23930914872355283,0.2941600587406603,-0.054850910017107485
2.7138769670958514,0.23123892435249532,0.2876350652940083,-0.05639614094151296
2.733905579399142,0.22335279878480102,0.28120807861411296,-0.057855279829311934
2.7539341917024327,0.21565054440885928,0.27487902058357255,-0.059228476174713274
2.7739628040057216,0.20813173608394983,0.26864776657556544,-0.06051603049161561
2.7939914163090123,0.20079575792905957,0.26251414658244865,-0.06171838865338908
2.814020028612303,0.1936418102833181,0.25647794635614024,-0.06283613607282215
2.8340486409155936,0.18666891681466063,0.25053890855888306,-0.06386999174422242
2.8540772532188843,0.17987593175375957,0.2446967339230284,-0.06482080216926883
2.874105865522175,0.17326154723072362,0.2389510824184847,-0.06568953518776108
2.8941344778254656,0.16682430069259352,0.23330157442650581,-0.0664772737339123
2.9141630901287545,0.1605625823802434,0.22774779191851344,-0.06718520953827004
2.934191702432045,0.1544746428439206,0.22228927963867284,-0.06781463679475225
2.954220314735336,0.14855860047733863,0.2169255462889754,-0.06836694581163677
2.9742489270386265,0.1428124490509313,0.21165606571559045,-0.06884361666465916
2.994277539341917,0.13723406522564124,0.20648027809529665,-0.0692462128696554
3.014306151645208,0.1318212160293842,0.20139759112081765,-0.06957637509143344
3.0343347639484985,0.1265715662791394,0.19640738118392456,-0.06983581490478516
3.0543633762517874,0.12148268593244635,0.19150899455519332,-0.07002630862274697
3.074391988555078,0.11655205735293463,0.18670174855933605,-0.07014969120640142
3.094420600858369,0.11177708247538617,0.18198493274506627,-0.0702078502696801
3.1144492131616595,0.10715508985669159,0.17735781004847273,-0.07020272019178114
3.13447782546495,0.10268334159996129,0.1728196179489274,-0.0701362763489661
3.154506437768241,0.09835904013993234,0.16836956961657573,-0.0700105294766434
3.1745350500715315,0.0941793348787056,0.16400685505049495,-0.06982752017178935
3.1945636623748204,0.09014132866173466,0.15973064220663738,-0.06958931354490272
3.214592274678111,0.08624208408487026,0.15554007811471288,-0.06929799402984262
3.2346208869814017,0.08247862962414386,0.1514342899832029,-0.06895566035905905
3.2546494992846924,0.07884796558082703,0.1474123862917187,-0.06856442071089168
3.274678111587983,0.0753470698351644,0.14347345786997015,-0.06812638803480575
3.2947067238912737,0.07197290340300451,0.13961657896263302,-0.06764367555962851
3.3147353361945644,0.06872241579037146,0.13584080827944367,-0.06711839248907221
3.3347639484978533,0.06559255014181319,0.13214519002988132,-0.06655263988806813
3.354792560801144,0.06258024817913437,0.12852875494183544,-0.06594850676270107
3.3748211731044346,0.05968245492787428,0.12499052126369353,-0.06530806633581926
3.3948497854077253,0.056896123229603,0.12152949574930741,-0.06463337251970441
3.414878397711016,0.054218218038813944,0.11814467462534518,-0.06392645658653123
3.4349070100143066,0.0516457205038508,0.11483504454055951,-0.06318932403670871
3.4549356223175973,0.04917563183194617,0.11159958349654069,-0.06242395166459452
3.474964234620886,0.046804976939055304,0.10843726175955574,-0.06163228482050044
3.494992846924177,0.044530807885742194,0.10534704275310443,-0.060816234867362234
3.5150214592274676,0.04235020710092295,0.10232788393086527,-0.05997767682994232
3.5350500715307582,0.040260290395776076,0.09937873762972003,-0.05911844723394396
3.555078683834049,0.038258209770614705,0.09649855190259406,-0.05824034213197935
3.5751072961373396,0.036341156017958585,0.09368627133086847,-0.05734511531290989
3.5951359084406302,0.03450636112545887,0.09094083781615653,-0.056434476690697656
3.615164520743919,0.032751100482709905,0.08826119135126449,-0.05551009086855459
3.63519313304721,0.03107269489633115,0.08564627077018344,-0.054573575873852295
3.6552217453505005,0.029468512418022935,0.0830950144769963,-0.05362650205897336
3.675250357653791,0.027935969990580973,0.08060636115359837,-0.0526703911630174
3.695278969957082,0.02647253491711568,0.07817925044616789,-0.051706715529052205
3.7153075822603725,0.025075726158945016,0.07581262363034579,-0.05073689747140077
3.735336194563663,0.023743115467827106,0.07350542425510738,-0.049762308787280274
3.755364806866952,0.022472328358367103,0.07125659876533731,-0.04878427040697021
3.7753934191702427,0.021261044926572426,0.0690650971031383,-0.04780405217656587
3.7954220314735334,0.020107000520647275,0.06692987328793568,-0.0468228727672884
3.815450643776824,0.01900798627020172,0.06484988597545166,-0.04584189970524994
3.8354792560801148,0.017961849480118686,0.06282409899565343,-0.04486224951553475
3.8555078683834054,0.01696649389536087,0.0608514818697972,-0.043884987974436324
3.875536480686696,0.01601987984301852,0.05893101030670948,-0.042911130463690966
3.895565092989985,0.015120024257896564,0.05706166667846815,-0.04194164242057158
3.9155937052932757,0.01426500059791683,0.0552424404756619,-0.040977439877745075
3.9356223175965663,0.013452938655571074,0.053472328742428556,-0.04001939008685748
3.955650929899857,0.012682024271599706,0.05175033649148422,-0.039068312219884514
3.9756795422031477,0.011950498956998259,0.05007547709937509,-0.038124978142376836
3.9957081545064383,0.011256659429362615,0.048446772682198776,-0.03719011325283616
4.015736766809729,0.01059885706947978,0.04686325445205436,-0.03626439738257458
4.035765379113018,0.00997549730395495,0.04532396305449612,-0.035348465750541166
4.055793991416309,0.009385038919536196,0.043827948887277014,-0.03444290996774082
4.075822603719599,0.008825993314660998,0.04237427240068245,-0.033548279086021454
4.09585121602289,0.008296923693598277,0.04096200437976259,-0.03266508068616432
4.115879828326181,0.007796444208405337,0.03959022620878573,-0.0317937820003804
4.135908440629471,0.007323219053754217,0.038258030118241845,-0.03093481106448763
4.15593705293276,0.006875961519512341,0.036964519414736816,-0.030088557895224473
4.175965665236051,0.006453433005787023,0.035708808694123996,-0.02925537568833697
4.1959942775393415,0.006054442004964752,0.03449002403822953,-0.02843558203326478
4.216022889842632,0.005677843055091822,0.03330730319553171,-0.02762946014043989
4.236051502145923,0.00532253566875905,0.03215979574616376,-0.02683726007740471
4.2560801144492135,0.0049874632414652256,0.031046663251612892,-0.026059200010147665
4.276108726752504,0.004671611943246208,0.029967079389493428,-0.025295467446247222
4.296137339055793,0.0043740095971682375,0.02892023007377691,-0.024546220476608673
4.316165951359084,0.004093724548095965,0.027905313560863853,-0.02381158901276789
4.336194563662374,0.0038298645249595213,0.026921540541886755,-0.023091676016927232
4.356223175965665,0.0035815754995588466,0.025968134221633514,-0.022386558722074668
4.376251788268956,0.003348040544761636,0.02504433038448452,-0.021696289839722886
4.3962804005722464,0.0031284786947704465,0.02414937744775624,-0.021020898752985795
4.416309012875537,0.002922143809957865,0.023282536502845202,-0.020360392692887336
4.436337625178826,0.002728323448595148,0.0224430813445656,-0.01971475789597045
4.456366237482117,0.0025463377476303535,0.021630298489074273,-0.01908396074144392
4.476394849785407,0.0023755383145072253,0.020843487180775003,-0.018467948866267778
4.496423462088698,0.002215307131855144,0.020081959388592228,-0.017866652256737083
4.516452074391989,0.0020650554767254452,0.019345039792003235,-0.017279984315277788
4.536480686695279,0.0019242228558986204,0.01863206575721503,-0.01670784290131641
4.55650929899857,0.0017922759586419081,0.017942387303868858,-0.01615011134522695
4.576537911301859,0.0016687076281570463,0.017275367062653008,-0.015606659434495962
4.59656652360515,0.0015530358528237115,0.016630380224199593,-0.015077344371375881
4.61659513590844,0.001444802778216003,0.016006814479639475,-0.014562011701423473
4.636623748211731,0.0013435737407460908,0.015404069953181552,-0.014060496212435462
4.656652360515022,0.0012489363236726442,0.0148215591270816,-0.013572622803408957
4.676680972818312,0.0011604994361001277,0.01425870675935883,-0.013098207323258703
4.696709585121603,0.0010778924154897364,0.013714949794613754,-0.012637057379124017
4.716738197424892,0.0010007641541030141,0.013189737268295363,-0.012188973114192349
4.7367668097281825,0.0009287822497050909,0.01268253020475985,-0.01175374795505476
4.756795422031473,0.0008616321807662354,0.01219280150945801,-0.011331169328691775
4.776824034334764,0.0007990165063172358,0.011720035855580244,-0.010921019349263008
4.7968526466380546,0.0007406540905369101,0.011263729565484317,-0.010523075474947408
4.816881258941345,0.0006862793520776963,0.010823390487222452,-0.010137111135144755
4.836909871244636,0.0006356415380683177,0.010398537866478824,-0.009762896328410505
4.856938483547925,0.0005885040226705398,0.009988702214221089,-0.00940019819155055
4.8769670958512155,0.0005446436300098982,0.009593425170362676,-0.009048781540352779
4.896995708154506,0.000503849981248001,0.00921225936372628,-0.008708409382478279
4.917024320457797,0.0004659248655160531,0.008844768268590191,-0.008378843403074139
4.9370529327610875,0.0004306816343859738,0.008490526058093561,-0.008059844423707588
4.957081545064378,0.0003979446195161924,0.008149117454768337,-0.007751172835252144
4.977110157367669,0.0003675485730740725,0.00782013757845837,-0.007452589005384297
4.997138769670958,0.0003393381305056153,0.007503191791879139,-0.007163853661373523
5.017167381974248,0.0003131672951954484,0.00719789554406334,-0.006884728248867891
5.037195994277539,0.0002888989445360365,0.006903874211931212,-0.006614975267395176
5.05722460658083,0.0002664043569041398,0.006620762940215661,-0.0063543585833115215
5.07725321888412,0.00024556275902497775,0.006348206479965674,-0.0061026437209406965
5.097281831187411,0.00022626089318974723,0.0060858590258438695,-0.005859598132654123
5.117310443490702,0.00020839260378025356,0.005833384052426255,-0.005624991448646002
5.137339055793991,0.00019185844254504335,0.005590454149705223,-0.005398595707160179
5.157367668097281,0.00017656529206452705,0.005356750857988984,-0.005180185565924457
5.177396280400572,0.00016242600683797278,0.005131964502384119,-0.004969538495546146
5.197424892703863,0.00014935907142266512,0.004915794027039568,-0.004766434955616902
5.217453505007153,0.00013728827505500016,0.004707946829324096,-0.004570658554269096
5.237482117310444,0.00012614240218446475,0.004508138594101778,-0.004381996191917314
5.257510729613735,0.00011585493835432928,0.0043160931282629975,-0.004200238189908668
5.277539341917024,0.00010636379086724746,0.0041315421956616555,-0.004025178404794408
5.297567954220314,9.761102367970007e-05,0.003954225352602235,-0.003856614328922535
5.317596566523605,8.954260597621246e-05,0.0037838897840140042,-0.0036943471780377917
5.337625178826896,8.210817388235323e-05,0.003620290140442484,-0.0035381819665601306
5.357653791130186,7.526080478463884e-05,0.0034631883759822257,-0.003387927571197587
5.377682403433477,6.89568037354365e-05,0.003312353587268423,-0.0032433967835329867
5.397711015736768,6.315550143171587e-05,0.00316756185363849,-0.0031044063522067743
5.4177396280400565,5.781906326793225e-05,0.003028596078568724,-0.002970777015300792
5.437768240343347,5.291230897533375e-05,0.0028952458324850773,-0.0028423335235097436
5.457796852646638,4.8402542372493294e-05,0.002767307197041309,-0.002718904654668816
5.4778254649499285,4.425939076475936e-05,0.002644582610951763,-0.002600323220187004
5.497854077253219,4.0454653543570765e-05,0.002526880717460755,-0.002486426063917184
5.51788268955651,3.6962159550058464e-05,0.002414016213524799,-0.002377054053974741
5.5379113018598005,3.375763278103653e-05,0.002305809700778754,-0.0022720520679977174
5.557939914163089,3.081856602928251e-05,0.0022020875383517,-0.0021712689723224175
5.57796852646638,2.8124102063868062e-05,0.002102681697593317,-0.0020745575955294485
5.597997138769671,2.5654921970180067e-05,0.002007429618766736,-0.0019817746967965557
5.618025751072961,2.3393140283103043e-05,0.0019161740697589476,-0.0018927809294758445
5.638054363376252,2.132220656059645e-05,0.0018287630068553763,-0.0018074408002947799
5.658082975679543,1.9426813058530336e-05,0.0017450494376207,-0.0017256226245621696
5.678111587982833,1.7692808181120977e-05,0.0016648912859237616,-0.0016471984777426407
5.698140200286122,1.6107115394592468e-05,0.001588151259140187,-0.0015720441437455945
5.718168812589413,1.4657657304756618e-05,0.0015146967175623314,-0.0015000390602575749
5.738197424892704,1.3333284612026502e-05,0.0014443995460424021,-0.0014310662614303755
5.758226037195994,1.2123709669928724e-05,0.0013771360278907088,-0.00136501231822078
5.778254649499285,1.1019444385451033e-05,0.0013127867210475644,-0.0013017672766621133
5.798283261802576,1.0011742211523825e-05,0.0012512363365438713,-0.0012412245943323474
5.818311874105866,9.092543993581652e-06,0.001192373619262097,-0.0011832810752685154
5.838340486409155,8.254427443470599e-06,0.0011360912310062372,-0.0011278368035627666
5.858369098712446,7.490560024947823e-06,0.0010822856358862981,-0.0010747950758613503
5.878397711015737,6.7946550456591464e-06,0.0010308569880199936,-0.0010240623329743346
5.898426323319027,6.160930760765261e-06,0.00098170902155151,-0.0009755480907907447
5.918454935622318,5.584072303325693e-06,0.0009347489429846708,-0.0009291648706813452
5.938483547925609,5.0591962661287765e-06,0.0008898873258252556,-0.0008848281295591268
5.9585121602288975,4.581817768883472e-06,0.0008470380075248862,-0.0008424561897560028
5.978540772532188,4.147819853562549e-06,0.0008061179887166333,-0.0008019701688630707
5.998569384835479,3.753425059210299e-06,0.0007670473347304281,-0.0007632939096712179
6.0185979971387695,3.3951690357034076e-06,0.0007297490793742009,-0.0007263539103384975
6.03862660944206,3.0698760637887754e-06,0.0006941491309649549,-0.0006910792549011662
6.058655221745351,2.7746363562184212e-06,0.0006601761805920779,-0.0006574015442358595
6.0786838340486415,2.5067850219683815e-06,0.0006277616125935633,-0.0006252548275715949
6.09871244635193,2.2638825823712314e-06,0.0005968394172242272,-0.000594575534641856
6.118741058655221,2.0436969345181124e-06,0.0005673461054935495,-0.0005653024085590314
6.138769670958512,1.8441866635046295e-06,0.0005392206261494518,-0.0005373764394859472
6.1587982832618025,1.6634856110124552e-06,0.0005124042847829237,-0.0005107407991719112
6.178826895565093,1.4998886133460038e-06,0.00048684066502741047,-0.00048534077641406445
6.198855507868384,1.3518383273876935e-06,0.0004624755518256621,-0.00046112371349827443
6.2188841201716745,1.2179130680069522e-06,0.0004392568567358171,-0.00043803894366781015
6.238912732474963,1.0968155852657133e-06,0.0004171345452475725,-0.0004160377296623068
6.258941344778254,9.8736271431643e-07,0.00039606056607846004,-0.00039507320336414363
6.278969957081545,8.88475835197163e-07,0.00037598878241953845,-0.0003751003065843413
6.298998569384835,7.991720838008209e-07,0.00035687490509909493,-0.0003560757330152941
6.319027181688126,7.185562591428173e-07,0.0003386764276324083,-0.0003379578713732655
6.339055793991417,6.458133756812896e-07,0.00032135256312508303,-0.00032070674974940175
6.359084406294707,5.802018128666614e-07,0.0003048641829969956,-0.00030428398118412893
6.379113018597996,5.210470173215615e-07,0.0002891737574935608,-0.00028865271047623923
6.399141630901287,4.677357160867743e-07,0.0002742452979506307,-0.0002737775622345439
6.419170243204578,4.197106022230524e-07,0.00026004430077915177,-0.0002596245901769287
6.439198855507868,3.7646545674031835e-07,0.0002465376931354316,-0.0002461612276786913
6.459227467811159,3.375406733439971e-07,0.00023369378024276692,-0.00023335623956942291
6.47925608011445,3.0251915485053796e-07,0.00022148219433005842,-0.00022117967517520787
6.49928469241774,2.7102255233870094e-07,0.00020987384515299903,-0.00020960282260066033
6.519313304721029,2.4270782017760583e-07,0.0001988408720634178,-0.0001985981642432402
6.53934191702432,2.17264062014005e-07,0.00018835659759239892,-0.0001881393335303849
6.5593705293276106,1.9440964461718165e-07,0.000178395482512902,-0.00017820107286828482
6.579399141630901,1.738895581767575e-07,0.0001689330823476948,-0.00016875919278951803
6.599427753934192,1.554730032335438e-07,0.0001599460052886164,-0.00015979053228538286
6.619456366237483,1.3895118590234398e-07,0.00015141187149335546,-0.0001512729203074531
6.639484978540773,1.241353044246197e-07,0.00014330927372616973,-0.00014318513842174511
6.659513590844062,1.1085471137387282e-07,0.0001356177393092426,-0.00013550688459786872
6.679542203147353,9.895523703304632e-08,0.0001283176933516474,-0.00012821873811461434
6.6995708154506435,8.82976605765493e-08,0.00012139042322322808,-0.00012130212556265153
6.719599427753934,7.875631672461518e-08,0.00011481804424102942,-0.0001147392879243048
6.739628040057225,7.021782649956577e-08,0.00010858346653629178,-0.0001085132487097922
6.7596566523605155,6.257994160661589e-08,0.00010267036307041018,-0.00010260778312880356
6.779685264663806,5.5750492790533075e-08,9.706313876865966e-05,-9.700738827586913e-05
6.799713876967095,4.964643328786943e-08,9.17469007409278e-05,-9.169725430763993e-05
6.819742489270386,4.419296920649705e-08,8.6707429559124e-05,-8.66632365899175e-05
6.839771101573676,3.9322769323525316e-08,8.19311515614116e-05,-8.189182879208808e-05
6.859799713876967,3.4975247402805476e-08,7.740511215386148e-05,-7.737013690645868e-05
6.879828326180258,3.1095910697492616e-08,7.311695008062544e-05,-7.308585416992795e-05
6.899856938483548,2.7635768824589362e-08,6.905487263421466e-05,-6.902723686539007e-05
6.919885550786839,2.4550797680005247e-08,6.520763177797668e-05,-6.518308098029668e-05
6.939914163090128,2.1801453507178464e-08,6.156450115337143e-05,-6.154269969986425e-05
6.959942775393419,1.935223264230976e-08,5.811525394517364e-05,-5.809590171253133e-05
6.979971387696709,1.717127283720557e-08,5.48501415782546e-05,-5.4832970305417393e-05
7.0,1.5229992408878178e-08,5.175987322011102e-05,-5.174464322770214e-05
