N,b_rms_0,b_rms_2,b_rms_8
100.0,0.15275252316519466,0.27244657149886836,0.9152235514582258
102.33717986325202,0.15099816523043497,0.26720060493473974,0.8946127228558108
104.72898382363586,0.14926395604149947,0.26207085134936586,0.8744725092501894
107.17668854455034,0.14754966419067458,0.2570546134616362,0.8547921605799077
109.68160052731379,0.14585506092795736,0.25214925571762603,0.8355611722481915
112.2450568085307,0.14417992013053105,0.24735220290281595,0.8167692795161425
114.86842567375535,0.14252401827259276,0.24266093878625472,0.7984064520239851
117.55310738783699,0.14088713439552608,0.23807300479590449,0.780462888437411
120.30053494233242,0.13926905007841767,0.23358599872443825,0.7629290112161944
123.11217482038909,0.13766954940891127,0.229197573464761,0.7457954615022555
125.98952777950272,0.1360884189543975,0.22490543577455535,0.7290530941244732
128.93412965257158,0.13452544773353356,0.2207073450691547,0.7126929727175538
131.9475521676706,0.132980427188091,0.21660111224207482,0.6967063649523769
135.03140378698737,0.1314531511551258,0.2125845985125364,0.681084737875248
138.18733056536323,0.12994341583946914,0.20865571429933905,0.6658197533535938
141.4170170289024,0.12845101978653314,0.20481241812044815,0.6509032636256478
144.72218707411344,0.12697576385542966,0.20105271551768208,0.6363273069517734
148.10460488806754,0.1255174511923973,0.19737465800589035,0.6220841033650815
151.5660758900603,0.12407588720453407,0.19377634204603622,0.6081660505190953
155.10844769528404,0.12265087953383116,0.19025590804160133,0.5945657196302296
158.73361110102087,0.12124223803150569,0.18681153935775247,0.581275851512933
162.44350109588672,0.11984977473262734,0.18344146136271341,0.5682893527053655
166.2400978926612,0.11847330383103735,0.18014394049080734,0.5555992916835562
170.1254279852589,0.11711264165455465,0.176917283326638,0.5431988951620066
174.10156523040155,0.11576760664046759,0.17375983570989928,0.531081544478782
178.17063195457308,0.11443801931130639,0.17066998186030613,0.5192407720631457
182.33480008684404,0.11312370225089458,0.16764614352215967,0.5076702579838661
186.5962923181746,0.11182448008067465,0.16468677912806287,0.49636382657634087
190.95738328780968,0.1105401794363066,0.16179038298132328,0.48531544314675296
195.42040079740534,0.10927062894453421,0.15895548445658145,0.4745192107514857
199.9877270535287,0.10801565920031786,0.15618064721822353,0.46396936705009184
204.66179993919897,0.10677510274422948,0.15346446845614006,0.4536602812301275
209.44511431514687,0.10554879404010722,0.15080557813840856,0.44358645100221417
214.34022335148566,0.10433656945296683,0.1482026382804861,0.4337424996637281
219.34973989050602,0.10313826722716682,0.14565434223050944,0.42412317322954757
224.4763378413224,0.10195372746482416,0.1431594139703084,0.41472333762832725
229.72275360711512,0.10078279210447791,0.14071660743175088,0.4055379759628037
235.0917875457287,0.09962530489999802,0.1383247058280471,0.3965621858326746
240.58630546440668,0.09848111139973648,0.1359825209996494,0.3877911767186199
246.20924014946254,0.09735005892591755,0.13368889277439372,0.3792202674260689
251.9635929317016,0.09623199655426487,0.13144268834153947,0.3708448835873518
257.8524352884274,0.0951267750938628,0.1292428016393734,0.36266055522090546
263.87891048289345,0.09403424706724853,0.12708815275605023,0.35466291434622454
270.04623524206824,0.09295426669073344,0.12497768734335522,0.346847692653296
276.35770147361603,0.09188668985494984,0.12291037604307868,0.33921071922526275
282.81667802300325,0.09083137410562178,0.1208852139257051,0.33174791831311395
289.4266124716752,0.089788178624556,0.11890121994112333,0.3244553071612029
296.19103297725536,0.08875696421085198,0.11695743638107785,0.3173289938824454
303.1135501567579,0.08773759326232698,0.1150529283530834,0.3103651753820537
310.1978590138097,0.08672992975715517,0.1131867832655388,0.30356013532871007
317.4477409109193,0.085733839235717,0.11135811032377821,0.2969102421720875
324.8670655878375,0.08474918878265751,0.1095660400368105,0.2904119472056712
332.45979322709417,0.08377584700915035,0.10780972373449998,0.28406178267383825
340.2299765678068,0.08281368403536582,0.10608833309495361,0.2778563599221947
348.18176306889666,0.08186257147313987,0.10440105968188189,0.2717923675901769
356.3193971228584,0.0809223824088426,0.10274711449171257,0.2658665698449602
364.64722232127485,0.07999299138644303,0.10112572751023756,0.260075804655727
373.16968377327555,0.07907427439076889,0.09953614727858492,0.2544169821073807
381.8913304781854,0.07816610883095826,0.09797764046830992,0.24888708275280236
390.8168177536264,0.07726837352410132,0.09644949146540732,0.2434831560027721
399.95090972036655,0.07638094867907019,0.09495100196305312,0.23820231855270035
409.2984818452442,0.07550371588053445,0.09348149056288826,0.2330417528453278
418.86452354352707,0.07463655807315994,0.09204029238466305,0.22799870556857452
428.6541408420925,0.07377935954598935,0.09062675868406629,0.2230704861877389
438.6725591048499,0.07293200591700204,0.0892402564785689,0.21825446551126468
448.9251258218608,0.07209438411785135,0.08788016818111526,0.2135480742893112
459.41731346364764,0.0712663823787771,0.08654589124150137,0.20894880184437886
470.15472240221294,0.07044789021369115,0.08523683779528321,0.2044541947332617
481.14308390032596,0.06963879840543465,0.08395243432006329,0.20006185543961427
492.3882631706742,0.06883899899120445,0.08269212129900756,0.19576944109643563
503.89626250651503,0.06804838524814684,0.08145535289144833,0.19157466223778905
515.6732244854963,0.0672668516791166,0.08024159661043336,0.1874752815790926
527.7254352483537,0.06649429399859999,0.07905033300708572,0.18346911282533243
540.0593278542374,0.06573060911879913,0.07788105536164112,0.17955401950656172
552.6814857144603,0.0649756951358763,0.07673326938103364,0.17572791384006503
565.5986461065008,0.06422945131635603,0.07560649290290422,0.1719887556185819
578.8177037701274,0.06349177808368381,0.07450025560590987,0.16833455112399884
592.3457145875806,0.06276257700493859,0.07341409872621255,0.16476335206592702
606.1898993497572,0.06204175077769847,0.07234757478003306,0.16127325454460484
620.3576476104274,0.06132920321705667,0.0713002472921539,0.15786239803756716
634.8565216305217,0.060624839242787165,0.07027169053026158,0.1545289644095465
649.6942604146125,0.059928564866657257,0.0692614892450184,0.15127117694507308
664.8787838417263,0.05924028717988623,0.06826923841575831,0.14808729940326257
680.4181968927101,0.05855991434074769,0.06729454300170186,0.1449756350942833
696.3207939763884,0.05788735556231473,0.06633701769858939,0.1419345259770139
712.595063356841,0.057222521100345314,0.06539628670063181,0.13896235177740685
729.2496916841444,0.05656532224130731,0.06447198346768203,0.13605752912709024
746.2935686310137,0.05591567129054063,0.06356375049753031,0.1332185107217451
763.7357916378027,0.055273481560555685,0.06267123910323062,0.13044378449881197
781.585670768409,0.054638667359465966,0.061794109195364655,0.12773187283408488
799.8527336796708,0.054011143979553554,0.060932029069153563,0.12508133175676472
818.546730706903,0.05339082768596601,0.06008467519632827,0.12249075018255273
837.6776400682925,0.052777635705543086,0.0592517320216709,0.11995874916437387
857.2556731909325,0.05217148621577171,0.05843289176414109,0.11748398116032832
877.2912801613356,0.05157229833386773,0.05762785422250275,0.11506512931848037
897.7951553033323,0.050979992105983224,0.05683632658536818,0.11270090677810178
918.7782428863339,0.05039448849653779,0.05605802324557738,0.1103900559869951
940.2517429670132,0.04981570937767215,0.05529266561883179,0.10813134803453016
962.2271173675134,0.04924357751882301,0.05453998196650299,0.10592358200003711
984.7160957933775,0.048678016576417654,0.053799707222538344,0.10376558431620592
1007.7306820944617,0.04811895108368699,0.05307158282438605,0.10165620814715044
1031.2831606721847,0.04756630644059534,0.052355356547863455,0.0995943327808024
1055.386103036523,0.04702000890388609,0.05165078234589385,0.09757886303530844
1080.052374516253,0.046479985577241624,0.05095762019103765,0.09560872867911133
1105.2951411260221,0.04594616440155625,0.05027563592174496,0.09368288386440238
1131.1278765939214,0.04541847414532088,0.04960460109225745,0.09180030657363898
1157.5643695533035,0.044896844395118006,0.04894429282608857,0.08995999807882886
1184.6187309026836,0.04438120554622602,0.048294493673012126,0.0881609824132892
1212.3054013376527,0.0438714887933314,0.04765499146949004,0.08640230585559425
1240.6391590588319,0.04336762612134749,0.04702557920247083,0.08468303642543173
1269.6351276599728,0.04286955029633872,0.04640605487649175,0.08300226339109494
1299.3087842004159,0.042377194856549165,0.04579622138401817,0.08135909678834315
1329.6759674662126,0.04189049410353414,0.04519588637895453,0.07975266695036887
1360.7528864243332,0.04140938309339351,0.04460486215326223,0.07818212404861512
1392.5561288744634,0.040933797628105735,0.04402296551662056,0.07664663764419344
1425.1026703029993,0.04046367424696162,0.0434500176790682,0.07514539624965752
1458.4098829439863,0.03999895021809621,0.042885844136562504,0.07367760690089242
1492.4955450518291,0.039539563530118005,0.042330274559395885,0.07224249473888514
1527.377850390714,0.039085452883834394,0.04178314268340878,0.07083930260114775
1563.0754179458174,0.03863655768407212,0.041244286203939676,0.06946729062256808
1599.607301861488,0.038192818031591566,0.04071354667245333,0.0681257358454687
1636.9930016117019,0.03775417471509399,0.04019076939578962,0.06681393183865916
1675.2524724082155,0.037320569203320546,0.03967580333797588,0.0655311883252718
1714.406135851972,0.03689194363724208,0.03916850102454664,0.06427683081917528
1754.4748908334598,0.03646824082233861,0.038668718449315284,0.06305020026976436
1795.4801246878303,0.03604940422096735,0.03817631498354318,0.0618506527149292
1837.4437246107268,0.03563537794481857,0.037691153287452824,0.06067755894201186
1880.3880893409166,0.035226106747458096,0.03721309922403198,0.059530304156561374
1924.3361411159801,0.034821536016955264,0.03674202177507676,0.05840828765870257
1969.3113379074218,0.03442161176859572,0.03627779295942257,0.057310922526938694
2015.337685941733,0.034026280637677854,0.03582028775331273,0.056237635309211345
2062.4397525140926,0.033635489872392,0.035369384012855005,0.055187865721044865
2110.6426791015547,0.03324918732678139,0.034924962398517494,0.054161066350606184
2159.972194782717,0.03286732145378389,0.03448690630161589,0.05315670237051491
2210.4546299710214,0.03248984129835374,0.03405510177274535,0.05217425125624239
2262.1169304690266,0.03211669649066236,0.03362943745211045,0.05121320251094138
2314.9866718511607,0.03174783723937701,0.03320980450170794,0.05027305739655156
2369.092074182632,0.03138321432501687,0.032796096539317636,0.04935332867103
2424.462017082328,0.031022779093385272,0.03238820957425782,0.04845354033155892
2481.1260551377704,0.030666483449077516,0.031986041944862084,0.04757322736358598
2539.1144336803472,0.030314279849063114,0.03158949425763521,0.0467119354955559
2598.4581049292474,0.02996612129634177,0.031198469328047068,0.04586922095919531
2659.1887445126936,0.029621961333672245,0.03081287212292369,0.04504465025521636
2721.3387683753085,0.029281754037373296,0.030432609704395843,0.04423779992430682
2784.941350080644,0.028945454011195717,0.03005759117536592,0.043448256323278055
2850.030438518108,0.02861301638026476,0.02968772762645496,0.0426756154062451
2916.6407760237066,0.028284396785092238,0.029322932084392475,0.04191948251071635
2984.8079169243274,0.027959551375657306,0.028963119461812036,0.04117947214847242
3054.568246515432,0.027638436805555194,0.02860820650841688,0.04045520780111743
3125.959000482281,0.027321010226213235,0.02825811176348026,0.03974632172018866
3199.018284775067,0.027007229281173308,0.027912755509646097,0.03905245473171285
3273.7850959485772,0.026697052100439867,0.027572059727995982,0.03837325604510041
3350.2993419772297,0.026390437294892946,0.027235948054349778,0.03770838306627166
3428.6018635565865,0.026087343950765302,0.026904345736767307,0.037057501214911685
3508.734455902715,0.025787731624183064,0.026577179594219708,0.036420283745753075
3590.739891061055,0.025491560335768982,0.02625437797639934,0.03579641157378803
3674.661940736688,0.025198790565307667,0.025935870724638137,0.035185573103314424
3760.545399658172,0.024909383246472173,0.02562158913390498,0.03458746406072258
3848.436109487433,0.02462329976161111,0.025311465915853093,0.03400178733093189
3938.380983288489,0.024340501936595604,0.02500543516288928,0.03342825279738892
4030.4280305680504,0.024060952035725433,0.0247034323132375,0.03286657718554077
4124.626382901352,0.023784612756693697,0.02440539411696992,0.03231648390970049
4221.026320156903,0.023511447225609362,0.02411125860297918,0.031777702923222594
4319.6792973341735,0.023241418992076858,0.02382096504686613,0.031249970571909667
4420.63797202853,0.02297449202433225,0.02353445393971806,0.03073302945057292
4523.956232538054,0.022710630704435276,0.02325166695775319,0.03022662826267211
4629.689226627268,0.022449799823516633,0.022972546932807328,0.029730521682961697
4737.893390963144,0.022191964577079757,0.022697037823639594,0.029244470223072628
4848.626481239078,0.02193709056035664,0.022425084688034527,0.028768240099961033
4961.947603002903,0.021685143763716927,0.022156633655678486,0.02830160310715716
5077.917243205404,0.02143609056812984,0.021891631901788826,0.027844336488749653
5196.597302486197,0.021189897740678112,0.021630027621474736,0.02739622281604217
5318.051128214197,0.02094653243012346,0.021371770004809342,0.026957049866821195
5442.343548300267,0.020705962162523052,0.02111680921259318,0.026526610507175988
5569.540905800136,0.020468154836896277,0.020865096352789526,0.02610470257581277
5699.711094326075,0.02023307872094129,0.02061658345761264,0.02569112877080735
5832.923594286206,0.020000702446800706,0.020371223461250493,0.02528569653874189
5969.249509970739,0.01977099500687602,0.020128970178204142,0.024888217966173423
6108.76160750504,0.019543925749690032,0.019889778282226052,0.024498509673382594
6251.534353689712,0.01931946437579677,0.01965360328584048,0.02411639271035337
6397.64395574843,0.01909758093373845,0.01942040152042932,0.023741692454935466
6547.168402004743,0.01887824581604886,0.019190130116867342,0.02337423851314286
6700.18750350959,0.018661429755302605,0.01896274698669095,0.023013864621542916
6856.782936641738,0.01844710382020974,0.018738210803785328,0.022660408551692154
7017.03828670383,0.018235239411755273,0.01851648098657515,0.02231371201657609
7181.039092537357,0.01802580825938302,0.018297517680704277,0.02197362057901142
7348.872892180388,0.01781878241722325,0.01808128174219045,0.02163998356197039
7520.629269592407,0.017614134260363644,0.017867734721041233,0.021312653960788023
7696.399902471158,0.017411836481163144,0.01765683884531806,0.020991488357214434
7876.278611187063,0.017211862085608102,0.01744855700563533,0.02067634683527499
8060.361408861345,0.017014184389710276,0.01724285274008196,0.020367092898902397
8248.74655261458,0.016818777015946168,0.017039690219553275,0.02006359339130574
8441.534596012985,0.01662561388973731,0.016839034233481286,0.0197657184160425
8638.828442740454,0.016434669235970974,0.016640850175951887,0.019473341259760354
8840.733401525064,0.01624591757556079,0.016445104032197642,0.019186338316576342
9047.357242349293,0.016059333722046872,0.016251762365455315,0.018904589014062126
9258.810253973954,0.01587489277823504,0.01606079230417761,0.01862797574080464
9475.205302806547,0.015692570132874624,0.015872161529588757,0.018356383775512214
9696.65789314552,0.015512341457374398,0.015685838263573972,0.018089701217636898
9923.286228832545,0.015334182702556222,0.015501791256893006,0.017827818919484647
10155.211276345692,0.015158070095446006,0.015319989777708539,0.01757063041978543
10392.556829367131,0.014983980136101572,0.01514040360042013,0.017318031878696266
10635.449574860111,0.014811889594476789,0.014963002994794703,0.017069922014210186
10884.019160690077,0.014641775507321878,0.014787758715385232,0.01682620203994555
11138.398264826183,0.014473615175119326,0.014614641991229083,0.016586775604290158
11398.722666160525,0.014307386159054759,0.014443624515817623,0.016351548730874726
11665.131316981962,0.014143066278022984,0.014274678437329845,0.016120429760352252
11937.766417144358,0.013980633605668053,0.014107776349121522,0.015893329293458235
12216.77348996793,0.013820066467457521,0.013942891280463074,0.015670160135328987
12502.30145991456,0.013661343437790316,0.01377999668751868,0.015450837241054784
12794.502732078734,0.013504443337137675,0.0136190664445595,0.015235277662444905
13093.533273536123,0.013349345229217059,0.013460074835404422,0.015023400495982737
13399.552696593371,0.013196028418198537,0.013302996545081682,0.014815126831948893
13712.72434398401,0.013044472445943034,0.013147806651704636,0.014610379704690545
14033.215376054846,0.012894657089272657,0.012994480618556084,0.014409084044016536
14361.196859990772,0.012746562357272024,0.012842994286374377,0.01421116662769657
14696.843861124475,0.012600168488620785,0.012693323865836005,0.014016556035044685
15040.335536380251,0.012455455948956778,0.012545445930228778,0.013825182601566562
15391.855229902054,0.012312405428269337,0.012399337408309952,0.013636978374650624
15751.590570916245,0.01217099783832266,0.012254975577344208,0.013451877070283705
16119.733573881555,0.012031214310108791,0.012112338056316186,0.013269814030771784
16496.480740980205,0.011893036191329644,0.011971402799312313,0.013090726183446531
16882.03316700363,0.011756445043908275,0.011832148089067572,0.012914552000339558
17276.59664669035,0.01162142264152844,0.011694552530671842,0.01274123145880505
17680.381784572088,0.011487950967202553,0.011558595045431696,0.01257070600307316
18093.604107387164,0.011356012210867602,0.011424254864883005,0.012402918506715948
18516.48417912154,0.011225588767008559,0.011291511524949952,0.012237813236007923
18949.247718738236,0.01109666323230918,0.011160344860246448,0.012075335814164024
19392.12572065831,0.0109692184033298,0.011030734998515777,0.011915433186437507
19845.35457805803,0.010843237274211678,0.010902662355204453,0.011758053586060666
20309.17620904739,0.010718703034407836,0.01077610762816663,0.011603146501011704
20783.83818579755,0.010595599066439936,0.010651051792495288,0.011450662641591126
21269.59386668692,0.010473908943680787,0.01052747609547641,0.011300553908790966
21766.702531534593,0.010353616428162566,0.010405362051663113,0.0111527733634413
22275.429519995563,0.010234705468409966,0.010284691438065768,0.011007275196117354
22796.04637318982,0.01011716019729836,0.010165446289455319,0.010864014697792038
23328.830978641585,0.01000096492993659,0.010047608893776384,0.01072294823121818
23874.06771860647,0.009886104161573945,0.00993116178766702,0.010584033203025037
24432.047621864916,0.009772562565531289,0.009816087752082295,0.010447228036514216
25003.068519063214,0.009660324991155954,0.009702369808018743,0.010312492145140005
25587.43520168589,0.00954937646179998,0.009589991212336668,0.010179785906659312
26185.459584742326,0.0094397021728218,0.009478935453677997,0.010049070637937127
26797.460873256896,0.009331287489610655,0.009369186248476546,0.00992030857039275
27423.765732649525,0.009224117945633829,0.009260727537058502,0.009793462826073176
28064.708463098388,0.009118179240506315,0.00915354347983049,0.00966849739433961
28720.63117797828,0.009013457238082542,0.009047618453552736,0.00954537710915339
29391.883986468903,0.008909937964570134,0.008942937047695148,0.009424067626948147
30078.82518043096,0.008807607606665315,0.00883948406087398,0.009304535405074853
30781.8214256508,0.00870645250970961,0.008737244497366707,0.009186747680806606
31501.247957553278,0.008606459175867925,0.008636203563703378,0.009070672450890774
32237.48878149027,0.008507614262327346,0.008536346665331884,0.00895627845163542
32990.93687770943,0.008409904579516748,0.00843765940335552,0.00884353513951798
33761.9944111134,0.008313317089346841,0.00834012757134074,0.008732412672303924
34551.072945922184,0.008217838903470357,0.008243737152193143,0.00862288189066329
35358.59366535183,0.008123457281562288,0.008148474315100011,0.008514914300273567
36184.987596427425,0.008030159629619896,0.008054325412537576,0.008408482054397237
37030.69584005141,0.00793793349828211,0.007961276977341118,0.008303557936922498
37896.16980644724,0.00784676658116843,0.007869315719836583,0.008200115345856384
38781.8714561072,0.007756646713236748,0.007778428525031732,0.008098128277258913
39688.27354637166,0.007667561869160039,0.007688602449865381,0.007997571309607706
40615.859883769794,0.0075795001617218315,0.007599824720513403,0.007898419588582707
41565.125582259876,0.007492449840229934,0.0075120827297496225,0.0078006488122602455
42536.57732750392,0.007406399288948486,0.007425364034360506,0.007704235216706648
43530.73364731892,0.0073213370255480106,0.007339656352612115,0.0076091555619613215
44548.125188449885,0.007237251699573204,0.007254947561767903,0.007515387118399442
45589.294999810685,0.0071541320909283826,0.007171225695656204,0.0074229076534648684
46654.79882234468,0.007071967108380339,0.007088478942286046,0.007331695418763823
47745.20538566131,0.0069907457880782845,0.007006695641509965,0.007241729137510029
48861.09671160326,0.006910457292090958,0.006925864282732901,0.007152987992312632
50003.068424910896,0.006831090906960374,0.0068459735026656435,0.0070654516132976995
51171.7300711461,0.006752636042272273,0.006767012083121998,0.006979100066554991
52367.70544204656,0.006675082229242992,0.006688968948858457,0.00689391384290143
53591.632908485146,0.006598419119322502,0.006611833165455256,0.006809873846952971
54844.165761210264,0.0065226364828135435,0.006535593937237905,0.006726961386496898
56125.97255954966,0.006447724207506637,0.006460240605238143,0.006645158162156612
57437.73748826587,0.006373672297330666,0.006385762645193233,0.006564446257341051
58780.16072274912,0.006300470871019119,0.006312149665582916,0.0064848081284714885
60153.958802748326,0.0062281101607915,0.0062393914057027825,0.006406226595477954
61559.865014835144,0.006156580511049961,0.006167477733773432,0.006328684832558356
62998.62978380693,0.006085872377090913,0.006096398645084446,0.006252166359193142
64471.0210732387,0.006015976323831371,0.006026144260172289,0.00617665503140855
65977.82479539547,0.005946883024549978,0.005956704823031439,0.006102135033281853
67519.84523072494,0.005878583259642508,0.005888070699357901,0.006028590868681975
69097.90545715645,0.005811067915391554,0.0058202323748242305,0.005956007353238961
70712.84778942996,0.005744327982750512,0.005753180453385582,0.005884369606536309
72365.5342286965,0.00567835455614137,0.0056869056556157266,0.005813663044519731
74056.84692262442,0.005613138832266402,0.005621398817072613,0.0057438733721166405
75787.6886362593,0.005548672108933494,0.005556650886692639,0.005674986576060461
77558.98323389002,0.0054849457838949236,0.00549265292521298,0.005606988917914032
79371.67617217559,0.005421951353699509,0.005429396103621378,0.0055398669272867
81226.7350047972,0.005359680412557956,0.005366871701632756,0.005473607395239643
83125.14989890633,0.0052981246512211816,0.005305071106191959,0.005408197367874145
85067.93416364171,0.005237275855871566,0.005243985810002161,0.005343624140097777
87056.12479099857,0.0051771259070269495,0.005183607410078291,0.0052798752495634696
89090.78300934142,0.005117666778457133,0.005123927606324841,0.00521693847077652
91172.99484984922,0.005058890536112955,0.005064938200137733,0.005154801809365031
93303.87172620361,0.005000789337067541,0.005006631093029428,0.005093453496508872
95484.55102782304,0.004943355428469783,0.004948998285276998,0.005032881983522917
97716.19672696182,0.0048865811465098425,0.004892031874592557,0.004973075936590084
100000.0,0.00483045891539648,0.004835724054815524,0.00491402423163987
