frame,x_px,y_px,x_error_px,y_error_px
0.0,43.96262458471761,40.02242524916944,0.46262458471760937,0.5224252491694372
1.0,43.49518161601186,39.62861378799111,-0.004818383988137498,0.12861378799110668
2.0,43.34395848776872,39.29280948851001,-0.15604151223128326,-0.20719051148999057
3.0,42.991721854304636,39.5182119205298,-0.508278145695364,0.018211920529800807
4.0,35.29297820823245,38.73284907183212,-0.2070217917675521,-0.7671509281678794
5.0,35.94522575869726,39.49148778682457,0.4452257586972621,-0.00851221317542894
6.0,43.622608695652175,40.19652173913043,0.12260869565217547,0.6965217391304321
7.0,35.51939291736931,40.435919055649244,0.01939291736930926,0.9359190556492436
8.0,35.94501992031873,39.24701195219124,0.44501992031872817,-0.2529880478087634
9.0,43.33639398998331,39.47996661101836,-0.16360601001669295,-0.020033388981637756
10.0,43.33884297520661,39.38429752066116,-0.16115702479338978,-0.11570247933884303
11.0,43.60340632603406,39.58150851581509,0.10340632603406164,0.08150851581508789
12.0,35.274734982332156,39.773851590106005,-0.22526501766784435,0.27385159010600546
13.0,43.47840260798696,39.51181744091279,-0.021597392013042338,0.011817440912793131
14.0,43.378763866877975,39.61648177496038,-0.12123613312202508,0.11648177496037704
15.0,43.19453376205788,39.65514469453376,-0.30546623794212024,0.15514469453376023
16.0,43.00153139356815,39.84532924961715,-0.49846860643184954,0.3453292496171514
17.0,43.25275532696546,39.41880969875092,-0.2472446730345368,-0.08119030124908022
18.0,35.59965635738832,39.57560137457045,0.09965635738831935,0.07560137457044647
19.0,35.55087440381558,39.63831478537361,0.05087440381557684,0.13831478537360908
20.0,36.11286503551697,39.34648776637727,0.6128650355169682,-0.15351223362272748
21.0,35.8448275862069,39.87586206896552,0.3448275862068968,0.37586206896551744
22.0,43.60539215686274,39.28921568627451,0.10539215686274161,-0.21078431372549034
23.0,43.597110754414125,39.43980738362761,0.09711075441412476,-0.06019261637239026
24.0,43.30690537084399,38.94458653026428,-0.1930946291560076,-0.5554134697357185
25.0,35.48299319727891,39.279761904761905,-0.017006802721091674,-0.2202380952380949
26.0,35.14657980456026,39.557003257328994,-0.3534201954397389,0.057003257328993584
27.0,35.50679117147708,39.21307300509338,0.006791171477082969,-0.2869269949066222
28.0,43.444821731748725,39.264855687606115,-0.05517826825127514,-0.235144312393885
29.0,35.29991431019709,39.63410454155955,-0.2000856898029113,0.13410454155955165
30.0,35.25480367585631,39.85964912280702,-0.2451963241436914,0.35964912280702066
31.0,35.10978520286396,39.921241050119335,-0.39021479713603924,0.42124105011933466
32.0,44.10787671232877,39.5958904109589,0.6078767123287676,0.09589041095890138
33.0,36.23083475298126,39.86456558773424,0.7308347529812593,0.36456558773424064
34.0,34.58532695374801,40.177830940988834,-0.9146730462519912,0.6778309409888337
35.0,43.51141924959217,39.67373572593801,0.011419249592172775,0.173735725938009
36.0,43.46603611349957,39.52794496990542,-0.03396388650043036,0.027944969905419725
37.0,35.06470106470106,39.944307944307944,-0.43529893529893826,0.44430794430794407
38.0,43.401898734177216,38.7998417721519,-0.098101265822784,-0.7001582278480996
39.0,35.79347826086956,39.83115942028986,0.29347826086956275,0.33115942028985756
40.0,43.76705882352941,39.72392156862745,0.26705882352941046,0.22392156862745338
41.0,43.4809041309431,39.27045985970382,-0.01909586905689764,-0.22954014029618008
42.0,35.644268774703555,39.804743083003956,0.14426877470355493,0.3047430830039559
43.0,35.78861788617886,39.47073170731707,0.2886178861788622,-0.02926829268292863
44.0,35.73522064945878,39.99750208159867,0.23522064945878185,0.49750208159866816
45.0,35.56507936507936,39.673809523809524,0.06507936507936307,0.17380952380952408
46.0,35.46507515473033,39.54641909814324,-0.03492484526967132,0.04641909814323952
47.0,35.32266009852217,39.354679802955665,-0.1773399014778292,-0.14532019704433452
48.0,35.73222748815166,40.16745655608215,0.23222748815165772,0.6674565560821506
49.0,43.67086614173228,39.51732283464567,0.17086614173228298,0.017322834645668195
50.0,43.76833976833977,39.296525096525095,0.26833976833977147,-0.2034749034749055
51.0,43.58267716535433,39.114960629921256,0.08267716535433323,-0.38503937007874356
52.0,43.94294525828836,38.84271395528142,0.4429452582883613,-0.6572860447185818
53.0,43.64017094017094,39.54102564102564,0.14017094017093967,0.04102564102564088
54.0,35.255547054322875,40.08645753634277,-0.24445294567712494,0.5864575363427704
55.0,43.43730886850153,39.34862385321101,-0.06269113149846817,-0.1513761467889907
56.0,43.3235294117647,39.67142857142857,-0.17647058823529704,0.17142857142857082
57.0,35.46347607052897,39.37615449202351,-0.03652392947103067,-0.12384550797649041
58.0,35.60965954077593,39.88519398258116,0.10965954077592954,0.385193982581157
59.0,35.790718038528894,39.31523642732049,0.2907180385288939,-0.1847635726795076
60.0,43.63324764353042,39.49785775492716,0.1332476435304173,-0.0021422450728394438
61.0,35.12256973795435,39.46576500422654,-0.37743026204564956,-0.034234995773459787
62.0,43.41983594332588,40.3117076808352,-0.0801640566741213,0.8117076808351982
63.0,35.35970024979184,39.18984179850125,-0.14029975020815755,-0.3101582014987514
64.0,44.00367107195301,39.76505139500734,0.5036710719530078,0.2650513950073403
65.0,43.10468521229868,39.55270863836017,-0.39531478770131656,0.0527086383601727
66.0,35.7212389380531,39.809734513274336,0.2212389380530979,0.30973451327433565
67.0,35.134126984126986,39.46904761904762,-0.3658730158730137,-0.030952380952378178
68.0,36.06437768240343,39.380257510729614,0.5643776824034319,-0.11974248927038644
69.0,43.25870253164557,39.574367088607595,-0.241297468354432,0.07436708860759467
70.0,43.05329949238579,39.34940778341794,-0.4467005076142101,-0.15059221658206212
71.0,35.45987654320987,39.56558641975309,-0.040123456790126966,0.06558641975308888
72.0,43.00261324041812,40.208188153310104,-0.49738675958187883,0.708188153310104
73.0,43.47034596375618,39.23558484349259,-0.02965403624381935,-0.2644151565074111
74.0,43.39869281045752,39.564542483660134,-0.10130718954248152,0.0645424836601336
75.0,35.63628762541806,39.58862876254181,0.13628762541806339,0.08862876254180918
76.0,35.150311526479754,39.31464174454829,-0.3496884735202457,-0.18535825545171036
77.0,35.58300550747443,39.96144767899292,0.08300550747443225,0.4614476789929185
78.0,42.87607170693687,39.24240062353858,-0.6239282930631305,-0.25759937646142106
79.0,35.02996254681648,39.73857677902622,-0.4700374531835223,0.23857677902621788
80.0,43.50525394045534,39.864273204903675,0.00525394045534,0.3642732049036752
81.0,43.33101045296167,38.69773519163763,-0.16898954703832914,-0.8022648083623665
82.0,43.230646448523544,39.76217079010375,-0.26935355147645623,0.26217079010375244
83.0,35.02894736842105,39.64122807017544,-0.4710526315789494,0.14122807017543693
84.0,35.62619047619047,39.12222222222222,0.12619047619047308,-0.37777777777778
85.0,43.24362818590705,39.74662668665667,-0.25637181409295096,0.24662668665666843
86.0,44.21086261980831,39.45047923322684,0.7108626198083101,-0.049520766773163416
87.0,35.957414448669205,39.62281368821293,0.4574144486692049,0.12281368821292915
88.0,43.1893039049236,39.33616298811545,-0.31069609507640195,-0.1638370118845529
89.0,34.8747870528109,39.73594548551959,-0.6252129471890981,0.2359454855195935
90.0,35.0615763546798,39.49014778325123,-0.4384236453201993,-0.009852216748768683
91.0,43.446740858505564,39.49761526232115,-0.053259141494436335,-0.002384737678852389
92.0,35.25341426403642,39.610773899848255,-0.2465857359635777,0.11077389984825459
93.0,35.38500421229992,39.29654591406908,-0.11499578770008156,-0.20345408593092174
94.0,35.203084832904885,39.48843187660668,-0.2969151670951149,-0.011568123393317364
95.0,35.94161801501251,39.40533778148457,0.44161801501250864,-0.0946622185154311
96.0,36.06639344262295,39.09918032786885,0.5663934426229531,-0.4008196721311492
97.0,35.3579766536965,39.61011673151751,-0.14202334630350322,0.11011673151750756
98.0,35.585466556564825,39.23534269199009,0.08546655656482471,-0.26465730800990883
99.0,44.088697017268444,38.88147566718995,0.5886970172684443,-0.6185243328100469
100.0,35.61933534743203,39.605740181268885,0.11933534743202756,0.10574018126888518
101.0,34.78230702515178,39.279271465741544,-0.7176929748482195,-0.2207285342584555
102.0,35.44868735083532,39.45107398568019,-0.0513126491646787,-0.04892601431981092
103.0,35.66567828020756,39.89918458117124,0.16567828020755826,0.3991845811712409
104.0,35.58173445894091,39.93476592478895,0.08173445894090747,0.43476592478894815
105.0,43.273046532045655,39.56365232660228,-0.22695346795434546,0.0636523266022806
106.0,35.54709576138148,39.21507064364207,0.04709576138147753,-0.28492935635792804
107.0,43.473099914602905,39.2801024765158,-0.026900085397095097,-0.21989752348419955
108.0,43.02897415818324,39.98825371965544,-0.4710258418167612,0.4882537196554395
109.0,34.91740674955595,39.89698046181172,-0.5825932504440487,0.3969804618117223
110.0,36.35486577181208,38.881711409395976,0.8548657718120793,-0.6182885906040241
111.0,44.1690031152648,39.679906542056074,0.6690031152648004,0.1799065420560737
112.0,43.57435897435897,39.64871794871795,0.07435897435897232,0.14871794871795174
113.0,43.70025188916877,39.575986565911,0.20025188916876857,0.07598656591100195
114.0,43.7548231511254,39.114951768488744,0.2548231511254002,-0.3850482315112558
115.0,43.14693877551021,39.137959183673466,-0.3530612244897924,-0.36204081632653384
116.0,43.58819018404908,39.13113496932515,0.08819018404908263,-0.3688650306748471
117.0,35.68358208955224,39.54253731343284,0.18358208955223887,0.042537313432838175
118.0,43.10245183887916,39.32399299474606,-0.397548161120838,-0.1760070052539433
119.0,35.59134615384615,39.431089743589745,0.0913461538461533,-0.0689102564102555
120.0,35.45328467153285,39.833576642335764,-0.046715328467151096,0.333576642335764
121.0,35.08179012345679,39.18518518518518,-0.41820987654320874,-0.31481481481481666
122.0,35.82790309106099,39.14870509607352,0.327903091060989,-0.35129490392647966
123.0,35.48190789473684,39.41365131578947,-0.01809210526315752,-0.08634868421052744
124.0,43.95156482861401,39.53725782414307,0.4515648286140106,0.037257824143068774
125.0,35.35853865760408,39.25913338997451,-0.141461342395921,-0.24086661002549192
126.0,35.96369922212619,39.18150388936906,0.46369922212618775,-0.31849611063093874
127.0,43.69141914191419,39.32178217821782,0.19141914191418863,-0.1782178217821766
128.0,34.9075,39.708333333333336,-0.5925000000000011,0.2083333333333357
129.0,35.78264604810997,39.827319587628864,0.2826460481099673,0.32731958762886393
130.0,35.54491525423729,39.29830508474576,0.04491525423728859,-0.20169491525423666
131.0,35.536682615629985,39.40271132376395,0.036682615629985094,-0.09728867623604742
132.0,43.795708154506436,38.917596566523606,0.2957081545064355,-0.5824034334763937
133.0,35.51255411255411,39.724675324675324,0.012554112554113317,0.22467532467532436
134.0,43.596258768511305,39.11067809820732,0.09625876851130499,-0.3893219017926768
135.0,35.16318327974277,39.102090032154344,-0.3368167202572323,-0.39790996784565635
136.0,43.43882175226586,39.227341389728096,-0.06117824773414071,-0.27265861027190397
137.0,35.77018121911038,39.81548599670511,0.27018121911037696,0.3154859967051067
138.0,35.50971250971251,39.7987567987568,0.009712509712507256,0.2987567987567985
139.0,35.51857835218094,39.14943457189015,0.018578352180938396,-0.3505654281098529
140.0,43.14700854700855,39.56581196581197,-0.3529914529914535,0.06581196581196735
141.0,43.63275039745628,39.36009538950715,0.13275039745627737,-0.13990461049284875
142.0,43.47372611464968,39.98328025477707,-0.026273885350320825,0.48328025477707115
143.0,43.15378151260504,39.622689075630255,-0.34621848739495675,0.12268907563025522
144.0,35.36455108359133,40.166408668730654,-0.13544891640867007,0.6664086687306536
145.0,43.04694419840567,39.348095659875995,-0.45305580159433134,-0.15190434012400544
146.0,35.069526627218934,39.860207100591715,-0.4304733727810657,0.36020710059171535
147.0,35.50883935434281,39.64950038431975,0.008839354342811134,0.14950038431975088
148.0,43.1123595505618,39.85479688850475,-0.38764044943820153,0.354796888504751
149.0,35.57997010463378,38.91629297458894,0.07997010463378018,-0.5837070254110586
150.0,35.09409340659341,39.051510989010985,-0.4059065934065913,-0.4484890109890145
151.0,35.06511309115833,39.328307059629886,-0.43488690884166914,-0.1716929403701144
152.0,43.766588602654174,38.99687743950039,0.26658860265417417,-0.5031225604996123
153.0,43.89495450785773,39.27047146401985,0.394954507857733,-0.2295285359801511
154.0,42.75902602854744,39.517212426532325,-0.7409739714525614,0.017212426532324798
155.0,43.585880640465795,39.44978165938865,0.08588064046579547,-0.050218340611351664
156.0,43.49014567266495,38.55012853470437,-0.009854327335048652,-0.9498714652956295
157.0,34.784269662921346,39.47041198501873,-0.7157303370786536,-0.029588014981271726
158.0,35.50873515024458,39.30747728860936,0.008735150244582712,-0.19252271139063737
159.0,43.10367346938776,39.72408163265306,-0.3963265306122423,0.22408163265306058
160.0,43.9662447257384,39.45569620253165,0.4662447257383988,-0.044303797468352
161.0,35.73888888888889,39.36746031746032,0.23888888888888715,-0.1325396825396794
162.0,35.361068702290076,38.74885496183206,-0.13893129770992374,-0.751145038167941
163.0,43.72888173773129,39.164119066773935,0.2288817377312924,-0.3358809332260648
164.0,43.54473475851148,39.55344418052257,0.04473475851148123,0.053444180522568274
165.0,35.88335925349922,39.30404354587869,0.38335925349922206,-0.19595645412130835
166.0,35.60591900311527,39.56619937694704,0.10591900311526814,0.06619937694703992
167.0,35.508210890233364,39.48919619706137,0.00821089023336441,-0.010803802938632145
168.0,43.80324074074074,39.12422839506173,0.3032407407407405,-0.3757716049382722
169.0,43.48337595907928,39.19948849104859,-0.016624040920717675,-0.3005115089514092
170.0,36.291632145816074,39.217067108533556,0.7916321458160738,-0.2829328914664444
171.0,43.21770917952884,38.91795288383428,-0.28229082047116094,-0.5820471161657181
172.0,43.87427626137303,39.831265508684865,0.3742762613730335,0.33126550868486504
173.0,36.05176876617774,39.477998274374464,0.5517687661777373,-0.02200172562553604
174.0,43.38192182410423,39.722312703583064,-0.11807817589576786,0.22231270358306432
175.0,43.57389801210026,38.94468452895419,0.07389801210025837,-0.5553154710458088
176.0,35.6610455311973,39.88870151770658,0.1610455311973027,0.3887015177065791
177.0,43.627731092436974,39.55546218487395,0.12773109243697434,0.055462184873952936
178.0,43.27061649319455,39.74539631705364,-0.22938350680544772,0.24539631705363973
179.0,43.41681415929204,39.04955752212389,-0.0831858407079622,-0.45044247787610914
180.0,35.99586776859504,39.163636363636364,0.49586776859504056,-0.336363636363636
181.0,43.33276595744681,40.00595744680851,-0.16723404255318997,0.5059574468085088
182.0,43.303146584804296,39.45049884881044,-0.19685341519570443,-0.04950115118955978
183.0,43.241379310344826,39.441707717569784,-0.2586206896551744,-0.05829228243021589
184.0,35.20932134096484,39.61406377759607,-0.29067865903515866,0.11406377759607267
185.0,35.410234899328856,39.47986577181208,-0.08976510067114418,-0.020134228187920655
186.0,43.728813559322035,39.74414850686037,0.22881355932203462,0.2441485068603697
187.0,43.30888345558272,39.11491442542787,-0.19111654441727666,-0.38508557457213044
188.0,35.198302469135804,39.09336419753087,-0.30169753086419604,-0.40663580246913256
189.0,35.27619047619048,39.35064935064935,-0.22380952380952124,-0.14935064935065157
190.0,43.34106728538283,39.162412993039446,-0.15893271461717262,-0.337587006960554
191.0,35.60840890354493,39.908491343775765,0.10840890354492672,0.4084913437757649
192.0,43.854199683042786,39.02456418383518,0.35419968304278626,-0.47543581616481845
193.0,35.70479394449117,39.55677039529016,0.20479394449117194,0.05677039529015815
194.0,35.19746835443038,39.537552742616036,-0.30253164556962275,0.03755274261603603
195.0,35.334580838323355,39.3001497005988,-0.1654191616766454,-0.19985029940119858
196.0,35.61389961389961,39.38069498069498,0.113899613899612,-0.11930501930501691
197.0,43.34030571198713,39.130329847144004,-0.15969428801287222,-0.3696701528559956
198.0,35.758100979653356,39.185380557648834,0.25810097965335643,-0.3146194423511659
199.0,43.71989966555184,39.91555183946488,0.21989966555184282,0.4155518394648823
200.0,44.1417004048583,40.07449392712551,0.6417004048582982,0.5744939271255092
201.0,35.697156033820136,39.59415833973866,0.1971560338201357,0.09415833973866228
202.0,43.41428571428571,39.3,-0.08571428571428896,-0.20000000000000284
203.0,42.93967714528462,39.925233644859816,-0.5603228547153805,0.42523364485981574
204.0,34.42216981132076,39.2877358490566,-1.0778301886792434,-0.21226415094339757
205.0,43.026182432432435,39.53462837837838,-0.4738175675675649,0.034628378378378954
206.0,43.7437641723356,39.46560846560847,0.24376417233560232,-0.03439153439153131
207.0,35.62323651452282,39.72116182572614,0.12323651452282292,0.22116182572614207
208.0,43.511475409836066,39.97704918032787,0.01147540983606632,0.47704918032786736
209.0,35.72133891213389,39.46694560669456,0.2213389121338878,-0.033054393305441465
210.0,43.52270916334661,39.62390438247012,0.02270916334661166,0.1239043824701227
211.0,35.91653666146646,39.39703588143526,0.4165366614664592,-0.10296411856474208
212.0,35.72620050547599,40.0033698399326,0.2262005054759868,0.5033698399326028
213.0,43.64569775849602,39.666666666666664,0.14569775849601996,0.1666666666666643
214.0,42.986486486486484,40.02102102102102,-0.5135135135135158,0.5210210210210207
215.0,35.708498808578234,39.18427323272439,0.20849880857823422,-0.31572676727561344
216.0,35.58450704225352,39.298904538341155,0.08450704225352013,-0.20109546165884495
217.0,35.532544378698226,39.25359256128487,0.03254437869822624,-0.24640743871513138
218.0,35.92051476154428,39.84254352763058,0.4205147615442826,0.34254352763058193
219.0,43.045887445887445,39.5012987012987,-0.45411255411255524,0.0012987012987011326
220.0,36.0990099009901,39.78052805280528,0.5990099009900973,0.2805280528052805
221.0,43.7267292912041,39.659265584970115,0.22672929120410146,0.15926558497011456
222.0,43.523770491803276,39.69672131147541,0.023770491803276173,0.1967213114754074
223.0,42.96579156722355,39.12569610182975,-0.5342084327764525,-0.3743038981702469
224.0,35.54202401372213,39.72641509433962,0.04202401372212705,0.2264150943396217
225.0,35.36885928393006,39.22231473771857,-0.13114071606994315,-0.2776852622814303
226.0,36.01900826446281,39.49256198347108,0.519008264462812,-0.007438016528922731
227.0,35.588235294117645,39.39564867042707,0.08823529411764497,-0.10435132957292836
228.0,43.54330125832716,39.32124352331606,0.04330125832716192,-0.17875647668393668
229.0,35.346518987341774,39.614715189873415,-0.15348101265822578,0.11471518987341511
230.0,35.19796557120501,39.51643192488263,-0.30203442879498965,0.016431924882631677
231.0,35.851971037811744,39.69187449718423,0.35197103781174377,0.1918744971842301
232.0,43.55223880597015,39.86484245439469,0.052238805970148405,0.3648424543946902
233.0,35.68056787932564,39.078970718722275,0.18056787932564333,-0.42102928127772543
234.0,43.54294975688817,39.70016207455429,0.04294975688817004,0.20016207455429225
235.0,35.71024734982332,39.39487632508834,0.2102473498233195,-0.10512367491165975
236.0,43.85876623376623,39.357142857142854,0.3587662337662323,-0.1428571428571459
237.0,35.672080433101314,39.42691415313225,0.17208043310131416,-0.07308584686774822
238.0,43.95077932731747,39.461853978671044,0.45077932731746984,-0.038146021328955726
239.0,44.02478632478633,39.600854700854704,0.5247863247863265,0.10085470085470405
240.0,43.97577276524645,39.53884711779449,0.47577276524644674,0.03884711779448935
241.0,35.17922283901665,39.45757335448057,-0.3207771609833472,-0.0424266455194271
242.0,43.33979829325058,39.534522885958104,-0.1602017067494188,0.034522885958104155
243.0,35.811986863711,40.0623973727422,0.3119868637109988,0.5623973727421969
244.0,35.20987654320987,39.28559670781893,-0.29012345679012697,-0.21440329218106768
245.0,43.24240062353858,39.75292283710055,-0.25759937646142106,0.25292283710054875
246.0,35.41522491349481,39.28114186851211,-0.08477508650518928,-0.21885813148789168
247.0,43.44356748224151,39.49092344119968,-0.05643251775848768,-0.009076558800316548
248.0,44.339531123686335,39.56669361358124,0.839531123686335,0.06669361358124348
249.0,35.623282134195634,39.77930476960388,0.12328213419563383,0.2793047696038826
250.0,35.3008547008547,38.937606837606836,-0.19914529914530021,-0.562393162393164
251.0,35.60302775441548,40.28259041211102,0.10302775441547851,0.7825904121110199
252.0,35.32292522596549,39.66392769104355,-0.17707477403450866,0.16392769104354699
253.0,42.921241050119335,39.381066030230706,-0.5787589498806653,-0.11893396976929438
254.0,36.302698145025296,39.6610455311973,0.8026981450252961,0.1610455311973027
255.0,35.23328025477707,39.19426751592356,-0.26671974522292885,-0.3057324840764366
256.0,43.20199501246883,39.674979218620116,-0.2980049875311721,0.17497921862011623
257.0,35.32752084912813,39.2456406368461,-0.17247915087187238,-0.2543593631539025
258.0,43.381611065907244,39.347436940602115,-0.11838893409275641,-0.15256305939788462
259.0,43.40840336134454,39.32016806722689,-0.09159663865546008,-0.17983193277311216
260.0,35.05354200988468,40.51235584843493,-0.44645799011532006,1.0123558484349289
261.0,43.27657935285054,39.32588597842835,-0.2234206471494602,-0.17411402157164702
262.0,43.61465517241379,40.15948275862069,0.11465517241379075,0.6594827586206904
263.0,42.67838312829525,39.343585237258345,-0.8216168717047481,-0.15641476274165456
264.0,35.81922525107604,39.796987087517934,0.31922525107604116,0.2969870875179339
265.0,35.47115384615385,39.178994082840234,-0.0288461538461533,-0.32100591715976634
266.0,43.285099052540914,39.60981912144703,-0.2149009474590855,0.10981912144703188
267.0,43.78200692041523,39.87456747404844,0.28200692041522757,0.3745674740484404
268.0,35.26567398119122,39.539968652037615,-0.23432601880877968,0.039968652037615016
269.0,43.162358642972535,40.31906300484653,-0.337641357027465,0.8190630048465266
270.0,35.55583972719523,39.28047740835465,0.05583972719522734,-0.21952259164535093
271.0,35.267450980392155,39.37725490196078,-0.2325490196078448,-0.12274509803921774
272.0,43.40387722132472,39.9248788368336,-0.09612277867528007,0.4248788368335994
273.0,43.434241245136185,39.554863813229574,-0.06575875486381477,0.054863813229573566
274.0,35.07603890362511,39.815207780725025,-0.42396109637488877,0.3152077807250251
275.0,43.56191222570533,39.307210031347964,0.06191222570532773,-0.19278996865203624
276.0,35.233281493001556,39.96656298600311,-0.2667185069984441,0.46656298600311175
277.0,44.02283849918434,40.00326264274062,0.5228384991843384,0.5032626427406228
278.0,35.06368899917287,39.75599669148056,-0.43631100082713203,0.25599669148056137
279.0,43.657671549730146,39.28835774865073,0.1576715497301464,-0.21164225134926795
280.0,35.12041884816754,39.45200698080279,-0.3795811518324612,-0.04799301919720733
281.0,44.00322580645161,39.33225806451613,0.50322580645161,-0.16774193548386762
282.0,43.461270670147954,39.932114882506525,-0.038729329852046135,0.4321148825065251
283.0,43.33200636942675,39.375,-0.16799363057324967,-0.125
284.0,43.350312779267206,39.647006255585346,-0.14968722073279395,0.14700625558534597
285.0,35.78754578754579,39.57142857142857,0.2875457875457883,0.0714285714285694
286.0,35.6607294317218,39.213740458015266,0.16072943172179777,-0.2862595419847338
287.0,36.01210287443268,39.718608169440245,0.5121028744326779,0.21860816944024464
288.0,34.973160173160174,38.87012987012987,-0.5268398268398258,-0.6298701298701275
289.0,42.86895475819033,39.25273010920437,-0.631045241809673,-0.24726989079562856
290.0,35.38083735909823,39.7037037037037,-0.11916264090177009,0.2037037037037024
291.0,35.583468395461914,39.56726094003241,0.08346839546191376,0.06726094003241201
292.0,43.400778210116734,39.378210116731516,-0.09922178988326635,-0.12178988326848383
293.0,43.09748427672956,39.1312893081761,-0.40251572327044016,-0.3687106918238996
294.0,43.353221957040574,39.75974542561655,-0.14677804295942565,0.25974542561655056
295.0,35.211148648648646,38.96621621621622,-0.2888513513513544,-0.5337837837837824
296.0,43.75856307435255,39.59732664995823,0.2585630743525513,0.0973266499582266
297.0,35.65126676602087,39.25558867362146,0.15126676602086775,-0.24441132637853968
298.0,35.56777493606138,39.265984654731454,0.06777493606138307,-0.23401534526854562
299.0,43.749592169657426,39.53099510603589,0.2495921696574257,0.030995106035888398
300.0,43.199661590524535,39.89340101522843,-0.3003384094754651,0.3934010152284273
301.0,43.656963021243115,39.05114083398899,0.156963021243115,-0.4488591660110117
302.0,43.47506132461161,39.5437448896157,-0.02493867538839112,0.04374488961570222
303.0,43.819286871961104,39.320907617504055,0.31928687196110417,-0.17909238249594495
304.0,43.72327586206897,39.09137931034483,0.22327586206896655,-0.40862068965517295
305.0,35.53116769095698,39.88498683055312,0.031167690956976912,0.38498683055311744
306.0,35.776805251641136,39.33916849015317,0.2768052516411359,-0.1608315098468296
307.0,35.5111441307578,39.79049034175334,0.011144130757799076,0.29049034175334043
308.0,44.02736686390533,39.562869822485204,0.5273668639053284,0.06286982248520445
309.0,44.088070456365095,39.59567654123298,0.5880704563650951,0.09567654123298297
310.0,35.525035765379116,39.298283261802574,0.02503576537911556,-0.20171673819742608
311.0,43.38745704467354,39.8393470790378,-0.11254295532646097,0.33934707903780037
312.0,35.63607085346216,39.31642512077295,0.13607085346215797,-0.18357487922705218
313.0,44.188162544169614,39.495583038869256,0.6881625441696144,-0.004416961130743857
314.0,43.9358552631579,39.764802631578945,0.43585526315789735,0.2648026315789451
315.0,43.651414309484196,39.49584026622296,0.15141430948419554,-0.004159733777036934
316.0,35.434094903339194,39.27504393673111,-0.06590509666080635,-0.22495606326889117
317.0,35.663291139240506,39.58143459915612,0.1632911392405063,0.08143459915611828
318.0,43.272882805816934,39.867408041060735,-0.22711719418306586,0.36740804106073455
319.0,43.54507512520868,39.50834724540901,0.045075125208683176,0.008347245409012771
320.0,42.920138888888886,39.34375,-0.5798611111111143,-0.15625
321.0,35.69656786271451,39.652886115444616,0.19656786271450954,0.15288611544461617
322.0,36.16653875671527,39.19953952417498,0.6665387567152692,-0.30046047582501956
323.0,35.37590361445783,39.151807228915665,-0.12409638554216684,-0.3481927710843351
324.0,43.48746758859119,39.052722558340534,-0.012532411408813005,-0.44727744165946604
325.0,43.681927710843375,39.3004016064257,0.18192771084337522,-0.19959839357429843
326.0,35.73187311178248,39.32779456193354,0.23187311178247683,-0.17220543806646305
327.0,43.745259686727124,39.59686727122836,0.24525968672712395,0.09686727122836203
328.0,35.613229571984434,39.79221789883268,0.11322957198443362,0.292217898832682
329.0,43.18862042088854,39.46531566640686,-0.31137957911145975,-0.03468433359314105
330.0,43.70797831138652,39.740511231603406,0.207978311386519,0.24051123160340637
331.0,43.4558277654046,39.46102449888642,-0.04417223459540054,-0.03897550111358328
332.0,35.56429780033841,40.068527918781726,0.0642978003384087,0.5685279187817258
333.0,43.795597484276726,39.420597484276726,0.29559748427672616,-0.07940251572327384
334.0,36.10998552821997,39.526772793053546,0.6099855282199727,0.02677279305354574
335.0,35.788375558867365,40.01639344262295,0.2883755588673651,0.5163934426229488
336.0,35.546655656482244,39.30718414533443,0.04665565648224401,-0.19281585466556805
337.0,43.494776119402985,39.48880597014925,-0.0052238805970148405,-0.011194029850749132
338.0,35.05007824726135,39.220657276995304,-0.4499217527386534,-0.27934272300469587
339.0,43.511769172361426,39.60212604403949,0.011769172361425717,0.10212604403948689
340.0,35.49235251274581,39.353969410050986,-0.0076474872541894,-0.14603058994901374
341.0,35.17403314917127,39.34530386740332,-0.3259668508287277,-0.15469613259668336
342.0,35.40948275862069,38.921551724137935,-0.09051724137930961,-0.5784482758620655
343.0,35.7308009909166,39.54252683732452,0.2308009909165989,0.042526837324523115
344.0,35.0787269681742,39.40536013400335,-0.4212730318257982,-0.09463986599664764
345.0,35.39176029962547,39.37078651685393,-0.10823970037453279,-0.12921348314606718
346.0,43.59851607584501,39.45671887881286,0.0985160758450121,-0.043281121187142446
347.0,43.559633027522935,39.658882402001666,0.05963302752293487,0.15888240200166592
348.0,43.60754070265639,39.5484147386461,0.1075407026563866,0.048414738646101796
349.0,35.23354735152488,38.76966292134831,-0.2664526484751235,-0.7303370786516865
350.0,35.719968178202066,39.243436754176614,0.21996817820206616,-0.2565632458233864
351.0,35.502779984114376,39.13741064336775,0.0027799841143760773,-0.3625893566322489
352.0,35.25901639344262,39.91475409836065,-0.2409836065573785,0.41475409836065324
353.0,43.69587194608256,39.4743049705139,0.19587194608256198,-0.02569502948610136
354.0,43.67108533554267,39.28997514498757,0.1710853355426707,-0.21002485501242774
355.0,35.762489762489764,39.42260442260442,0.2624897624897642,-0.07739557739557767
356.0,35.12344777209642,39.18626734842951,-0.37655222790358067,-0.3137326515704899
357.0,43.67467811158798,39.41630901287554,0.17467811158797986,-0.08369098712446288
358.0,36.02886247877759,39.67402376910017,0.5288624787775902,0.1740237691001667
359.0,43.54324097397145,39.61964735516373,0.0432409739714501,0.11964735516372826
360.0,43.4666095890411,39.19434931506849,-0.033390410958901384,-0.30565068493150704
361.0,35.39081455805893,39.498266897746966,-0.10918544194107227,-0.0017331022530342466
362.0,43.644300727566694,39.223120452708166,0.14430072756669432,-0.27687954729183417
363.0,35.63527533918595,39.63447725458899,0.13527533918595225,0.13447725458898674
364.0,43.67509578544061,39.44904214559387,0.175095785440611,-0.05095785440612843
365.0,43.46078431372549,40.093514328808446,-0.039215686274509665,0.5935143288084461
366.0,35.18093556928508,39.59046778464254,-0.3190644307149171,0.09046778464254146
367.0,35.628215767634856,39.776763485477176,0.1282157676348561,0.27676348547717566
368.0,35.155621742367835,39.41474311243485,-0.34437825763216523,-0.08525688756515137
369.0,43.80241587575496,39.71872303710095,0.30241587575496,0.21872303710095053
370.0,35.300086730268866,39.30962705984388,-0.19991326973113388,-0.1903729401561165
371.0,43.58024691358025,39.595884773662554,0.08024691358024683,0.09588477366255432
372.0,43.699736611062335,39.23880597014925,0.19973661106233465,-0.26119402985074913
373.0,43.08481764206955,39.89397794741306,-0.41518235793044767,0.39397794741306313
374.0,44.10178306092125,39.312035661218424,0.6017830609212496,-0.18796433878157615
375.0,35.48554421768708,39.215986394557824,-0.014455782312921883,-0.28401360544217624
376.0,43.41110147441457,39.464874241110145,-0.08889852558542799,-0.03512575888985481
377.0,43.9508460918614,39.492344883158744,0.45084609186140057,-0.007655116841256415
378.0,42.72009202453988,39.77377300613497,-0.7799079754601195,0.2737730061349666
379.0,35.383676582761254,39.65827612509535,-0.11632341723874617,0.15827612509534816
380.0,43.40791599353796,39.464458804523424,-0.09208400646203785,-0.03554119547657564
381.0,34.75186289120715,39.48882265275708,-0.7481371087928466,-0.011177347242920632
382.0,43.05297532656023,39.54789550072569,-0.4470246734397705,0.04789550072568716
383.0,43.64691558441559,40.10227272727273,0.14691558441558783,0.6022727272727266
384.0,35.509939498703545,39.566983578219535,0.009939498703545269,0.06698357821953493
385.0,43.159285714285716,40.01857142857143,-0.3407142857142844,0.5185714285714269
386.0,35.247226624405705,39.205229793977814,-0.2527733755942947,-0.29477020602218573
387.0,43.14859437751004,39.42570281124498,-0.3514056224899633,-0.07429718875501834
388.0,43.12714776632303,39.42611683848797,-0.37285223367697284,-0.073883161512029
389.0,35.312605042016806,39.97310924369748,-0.1873949579831944,0.4731092436974791
390.0,35.63291139240506,38.80801687763713,0.1329113924050631,-0.6919831223628705
391.0,44.17790414297319,39.8659626320065,0.6779041429731905,0.36596263200650014
392.0,35.755102040816325,39.71938775510204,0.25510204081632537,0.21938775510204067
393.0,35.569568755085434,39.06346623270952,0.06956875508543447,-0.4365337672904772
394.0,35.536875495638384,39.59159397303727,0.03687549563838388,0.0915939730372699
395.0,36.08198121263877,39.8334756618275,0.5819812126387731,0.33347566182749944
396.0,35.43874425727412,39.970903522205205,-0.06125574272588352,0.47090352220520515
397.0,43.00087260034904,39.3804537521815,-0.4991273996509591,-0.11954624781849787
398.0,43.385657370517926,39.54183266932271,-0.11434262948207419,0.04183266932270868
399.0,35.37828947368421,40.092927631578945,-0.1217105263157876,0.5929276315789451
400.0,43.721934369602764,39.006044905008636,0.22193436960276358,-0.4939550949913638
401.0,43.19598393574297,39.22489959839358,-0.3040160642570271,-0.2751004016064229
402.0,35.55739058629232,38.94962840627581,0.05739058629232119,-0.5503715937241935
403.0,42.88429752066116,39.27438016528926,-0.615702479338843,-0.22561983471074143
404.0,43.331987075928915,39.65993537964459,-0.16801292407108548,0.15993537964458682
405.0,43.96436870642913,39.61735089078234,0.4643687064291271,0.1173508907823404
406.0,35.330752990851515,39.86206896551724,-0.169247009148485,0.36206896551723844
407.0,43.481387478849406,39.19796954314721,-0.018612521150593864,-0.3020304568527905
408.0,35.658964143426296,39.614342629482074,0.15896414342629583,0.11434262948207419
409.0,43.510007412898446,39.468495181616014,0.010007412898445978,-0.03150481838398633
410.0,43.90137221269297,39.239279588336196,0.4013722126929693,-0.26072041166380444
411.0,43.92965204236006,39.58018154311649,0.42965204236006116,0.08018154311648829
412.0,43.98580968280467,38.59015025041736,0.4858096828046712,-0.9098497495826408
413.0,36.02281988590057,39.53952730236349,0.5228198859005673,0.03952730236348856
414.0,43.57814871016692,39.61456752655539,0.07814871016692138,0.11456752655539049
415.0,36.027522935779814,39.62969140950792,0.5275229357798139,0.12969140950792024
416.0,43.532145623547635,39.54066615027111,0.03214562354763473,0.040666150271107426
417.0,43.02191558441559,40.116883116883116,-0.47808441558441217,0.6168831168831161
418.0,34.9913112164297,39.2432859399684,-0.5086887835702996,-0.256714060031598
419.0,43.128775834658185,39.51669316375199,-0.3712241653418147,0.016693163751988038
420.0,35.18541996830428,39.11331220285261,-0.31458003169571924,-0.3866877971473883
421.0,35.175132676269904,38.539802880970434,-0.3248673237300963,-0.9601971190295657
422.0,35.76170568561873,38.94648829431438,0.261705685618729,-0.5535117056856222
423.0,43.6978021978022,39.554160125588695,0.1978021978021971,0.05416012558869454
424.0,43.957178841309826,39.210747271200674,0.4571788413098261,-0.28925272879932606
425.0,35.29725363489499,39.57915993537964,-0.202746365105007,0.07915993537964283
426.0,35.47421931735657,39.64633260711692,-0.02578068264342903,0.14633260711691776
427.0,35.31802120141343,40.30742049469965,-0.18197879858657018,0.8074204946996488
428.0,35.601141924959215,39.39804241435563,0.10114192495921515,-0.10195758564437085
429.0,35.572695035460995,39.44326241134752,0.07269503546099543,-0.05673758865248146
430.0,35.356704645048204,39.954425942156,-0.14329535495179613,0.45442594215599996
431.0,35.46560846560847,38.89115646258504,-0.03439153439153131,-0.6088435374149626
432.0,43.58381030253475,39.57154538021259,0.08381030253475075,0.07154538021259071
433.0,35.37218045112782,39.56541353383459,-0.12781954887218205,0.0654135338345867
434.0,35.09667194928684,39.62282091917591,-0.40332805071315647,0.12282091917590776
435.0,36.08,39.258039215686274,0.5799999999999983,-0.2419607843137257
436.0,43.456155143338954,39.94350758853288,-0.043844856661046094,0.4435075885328814
437.0,43.77669172932331,39.4781954887218,0.27669172932331065,-0.021804511278197936
438.0,35.543775100401604,38.800803212851406,0.043775100401603595,-0.699196787148594
439.0,35.219858156028366,39.096138691883375,-0.28014184397163433,-0.4038613081166247
440.0,43.97714736012608,39.63120567375886,0.4771473601260823,0.13120567375886338
441.0,43.66219614417435,39.78290025146689,0.16219614417435224,0.28290025146689146
442.0,43.431679721496955,39.37771975630984,-0.06832027850304456,-0.1222802436901631
443.0,43.44119907763259,39.905457340507304,-0.058800922367410635,0.4054573405073043
444.0,43.461794019933556,39.89202657807309,-0.0382059800664436,0.39202657807309294
445.0,35.48561759729272,39.69373942470389,-0.014382402707276754,0.19373942470389238
446.0,35.654083204930664,39.45685670261941,0.1540832049306644,-0.04314329738058831
447.0,35.60052219321149,39.62315056570931,0.10052219321148925,0.12315056570930949
448.0,43.49055118110236,39.318897637795274,-0.009448818897638489,-0.18110236220472586
449.0,35.07600341588386,39.14602903501281,-0.4239965841161393,-0.35397096498719094
450.0,35.68860946745562,39.48002958579882,0.18860946745562046,-0.019970414201182507
451.0,36.08505367464905,39.97853014037985,0.5850536746490533,0.47853014037985275
452.0,43.61904761904762,39.688311688311686,0.1190476190476204,0.18831168831168554
453.0,43.15627597672486,39.85120532003325,-0.3437240232751435,0.35120532003325167
454.0,43.35606060606061,39.196127946127945,-0.14393939393939092,-0.3038720538720554
455.0,44.086607858861264,40.39775461106656,0.5866078588612638,0.89775461106656
456.0,43.69619205298013,40.53973509933775,0.19619205298013043,1.0397350993377472
457.0,43.31028368794326,39.60992907801418,-0.18971631205673845,0.10992907801418283
458.0,35.89975144987572,39.11764705882353,0.39975144987572264,-0.382352941176471
459.0,35.408085430968725,39.60564454614798,-0.0919145690312746,0.10564454614797825
460.0,35.100977198697066,39.04315960912052,-0.39902280130293377,-0.4568403908794778
461.0,35.73666092943201,39.641996557659205,0.23666092943201278,0.14199655765920483
462.0,35.803767660910516,39.395604395604394,0.3037676609105162,-0.1043956043956058
463.0,43.58877840909091,39.52911931818182,0.08877840909090651,0.02911931818182012
464.0,35.305160807778606,39.29842931937173,-0.19483919222139434,-0.20157068062827221
465.0,35.598765432098766,39.641975308641975,0.09876543209876587,0.1419753086419746
466.0,43.419055649241145,39.25548060708263,-0.08094435075885542,-0.24451939291736835
467.0,35.53464499572284,39.57912745936698,0.034644995722842964,0.07912745936697974
468.0,43.061585835257894,39.14857582755966,-0.43841416474210604,-0.3514241724403391
469.0,43.53615520282187,39.73192239858906,0.036155202821866794,0.23192239858906305
470.0,35.35042735042735,39.418091168091166,-0.14957264957264726,-0.08190883190883369
471.0,34.94107744107744,39.45286195286195,-0.5589225589225606,-0.04713804713804848
472.0,43.57223113964687,39.79454253611557,0.0722311396468669,0.29454253611557135
473.0,43.12659303313509,39.590484282073064,-0.3734069668649127,0.09048428207306358
474.0,35.655226209048365,39.590483619344774,0.15522620904836515,0.09048361934477356
475.0,43.706011730205276,38.995601173020525,0.20601173020527597,-0.5043988269794752
476.0,43.36447876447876,39.55057915057915,-0.13552123552123874,0.05057915057915352
477.0,44.12900505902192,39.86256323777403,0.6290050590219209,0.3625632377740331
478.0,43.729751403368084,40.178829190056135,0.22975140336808408,0.6788291900561347
479.0,44.085808580858085,39.17574257425743,0.5858085808580853,-0.324257425742573
480.0,35.37180544105524,39.83264633140973,-0.12819455894476306,0.33264633140972677
481.0,35.50631844987363,38.96545914069082,0.006318449873631948,-0.5345408593091818
482.0,43.87304347826087,39.84,0.37304347826086826,0.3400000000000034
483.0,43.16582491582491,40.003367003367,-0.33417508417508657,0.5033670033670035
484.0,44.05852231163131,39.0680321872714,0.5585223116313074,-0.4319678127286011
485.0,35.450160771704184,39.630225080385856,-0.04983922829581644,0.13022508038585556
486.0,43.26216640502355,39.116954474097334,-0.2378335949764505,-0.3830455259026664
487.0,35.4546965918537,39.52369077306733,-0.04530340814630307,0.023690773067329474
488.0,35.344915254237286,39.70593220338983,-0.15508474576271425,0.20593220338982832
489.0,35.60082304526749,39.60493827160494,0.10082304526748942,0.10493827160493652
490.0,43.46726862302483,39.39804364183597,-0.032731376975171145,-0.10195635816403126
491.0,43.3744769874477,39.62970711297071,-0.12552301255229992,0.12970711297071347
492.0,35.875601926163725,39.41492776886035,0.3756019261637249,-0.08507223113964812
493.0,43.472624798711756,39.48550724637681,-0.027375201288244,-0.014492753623187582
494.0,43.46709470304976,39.703852327447834,-0.032905296950239915,0.20385232744783366
495.0,43.52451361867704,39.90272373540856,0.024513618677040938,0.4027237354085571
496.0,35.49215070643642,39.89874411302983,-0.007849293563580773,0.39874411302982793
497.0,35.80825242718446,39.452265372168284,0.30825242718446333,-0.04773462783171567
498.0,35.7976,39.6816,0.29760000000000275,0.1816000000000031
499.0,35.56295694557271,39.247766043866775,0.06295694557270792,-0.2522339561332245
500.0,35.36515912897823,39.13986599664992,-0.13484087102177256,-0.3601340033500833
501.0,35.54601226993865,39.646801051709026,0.04601226993865026,0.14680105170902635
502.0,35.5856313497823,39.81349782293179,0.0856313497822967,0.31349782293178663
503.0,35.18979151689432,39.32638389647735,-0.31020848310568283,-0.17361610352264734
504.0,35.18481848184818,39.647689768976896,-0.3151815181518174,0.14768976897689612
505.0,35.55265374894692,39.67144060657119,0.05265374894692343,0.17144060657118843
506.0,35.16823104693141,39.16462093862816,-0.33176895306858967,-0.3353790613718388
507.0,43.40561896400351,40.091308165057065,-0.09438103599649139,0.5913081650570646
508.0,34.65705614567526,39.67223065250379,-0.8429438543247372,0.17223065250379221
509.0,35.562746645619576,39.279400157853196,0.06274664561957621,-0.22059984214680384
510.0,35.55938037865749,39.3631669535284,0.05938037865748669,-0.136833046471601
511.0,35.769620253164554,39.45232067510548,0.26962025316455396,-0.047679324894517094
512.0,43.11493288590604,39.90771812080537,-0.3850671140939568,0.4077181208053702
513.0,34.94070512820513,39.47035256410256,-0.5592948717948687,-0.0296474358974379
514.0,43.67977528089887,39.51123595505618,0.1797752808988733,0.011235955056179137
515.0,43.93144815766924,39.06598114824336,0.4314481576692373,-0.43401885175664034
516.0,43.204032258064515,39.30806451612903,-0.2959677419354847,-0.1919354838709708
517.0,44.08497246262785,38.876475216365066,0.584972462627853,-0.6235247836349345
518.0,43.77308294209703,39.5735524256651,0.27308294209702666,0.07355242566509901
519.0,35.810135135135134,39.69121621621622,0.310135135135134,0.19121621621621898
520.0,34.52444794952682,38.98422712933754,-0.9755520504731834,-0.5157728706624596
521.0,43.13168724279836,39.80411522633745,-0.36831275720164314,0.30411522633745136
522.0,34.96083333333333,40.01,-0.5391666666666666,0.509999999999998
523.0,43.69439868204283,39.78500823723229,0.19439868204283073,0.2850082372322902
524.0,43.05983606557377,39.14098360655738,-0.4401639344262307,-0.3590163934426229
525.0,43.39355385920271,39.03392705682782,-0.10644614079728854,-0.46607294317217907
526.0,43.128847530422334,39.6284896206156,-0.371152469577666,0.12848962061560343
527.0,43.721203228173145,39.234042553191486,0.2212032281731453,-0.26595744680851396
528.0,35.41731066460587,39.190108191653785,-0.0826893353941287,-0.3098918083462152
529.0,43.57421087978509,39.65345869711216,0.07421087978509178,0.15345869711215698
530.0,35.66451091350041,38.91915925626516,0.1645109135004077,-0.5808407437348393
531.0,43.67244224422442,39.631188118811885,0.17244224422442045,0.13118811881188464
532.0,35.326406926406925,40.103896103896105,-0.17359307359307508,0.6038961038961048
533.0,43.27954360228199,39.971475142624286,-0.22045639771801007,0.4714751426242856
534.0,43.95966514459665,38.79223744292238,0.45966514459664864,-0.707762557077622
535.0,43.48692307692308,39.72076923076923,-0.013076923076923208,0.2207692307692284
536.0,35.0359477124183,39.20261437908497,-0.46405228758170125,-0.29738562091502985
537.0,43.47801302931596,39.986970684039086,-0.021986970684039875,0.48697068403908617
538.0,43.69969512195122,39.35213414634146,0.19969512195122263,-0.1478658536585371
539.0,43.02922940655447,39.454384410983174,-0.4707705934455291,-0.045615589016826164
540.0,35.602409638554214,39.622253720765414,0.1024096385542137,0.12225372076541419
541.0,43.679245283018865,39.62028301886792,0.1792452830188651,0.12028301886792292
542.0,35.620273531777954,39.45132743362832,0.12027353177795419,-0.04867256637167827
543.0,35.127606338615514,39.164303586321935,-0.3723936613844856,-0.3356964136780647
544.0,35.14157851912124,39.593165174938974,-0.3584214808787607,0.09316517493897436
545.0,35.335559265442406,39.56093489148581,-0.16444073455759423,0.06093489148580744
546.0,43.77450980392157,39.69532428355958,0.27450980392156765,0.19532428355957876
547.0,34.97403685092127,39.59463986599665,-0.5259631490787271,0.09463986599664764
548.0,35.405492730210014,39.16074313408724,-0.09450726978998603,-0.33925686591275905
549.0,43.6943744752309,38.86481947942905,0.19437447523090157,-0.6351805205709482
550.0,42.95611814345992,39.17130801687764,-0.5438818565400823,-0.32869198312236136
551.0,35.423817863397545,39.23642732049037,-0.07618213660245488,-0.2635726795096289
552.0,36.05540897097625,39.78803869832893,0.5554089709762522,0.2880386983289327
553.0,35.68518518518518,39.841750841750844,0.18518518518518334,0.34175084175084436
554.0,36.05368098159509,40.11579754601227,0.5536809815950932,0.6157975460122671
555.0,43.39195100612424,39.5660542432196,-0.10804899387576228,0.06605424321959674
556.0,35.58173784977909,39.72164948453608,0.08173784977908838,0.2216494845360799
557.0,35.016717325227965,39.27431610942249,-0.4832826747720347,-0.22568389057750693
558.0,43.70694087403599,40.32133676092545,0.20694087403599326,0.8213367609254476
559.0,43.33756534727409,39.454817027632565,-0.1624346527259135,-0.04518297236743507
560.0,43.80647985989492,40.190893169877405,0.306479859894921,0.6908931698774055
561.0,43.758339510748705,39.37138621200889,0.258339510748705,-0.12861378799110668
562.0,35.683846153846154,39.497692307692304,0.18384615384615444,-0.0023076923076956746
563.0,35.13016095171449,39.92092372288314,-0.36983904828551317,0.4209237228831384
564.0,43.788203753351205,39.40482573726541,0.28820375335120474,-0.09517426273458796
565.0,43.31905126243305,40.08951798010712,-0.1809487375669505,0.589517980107118
566.0,43.70299309286263,39.04834996162702,0.20299309286262712,-0.451650038372982
567.0,43.97061442564559,39.45235975066785,0.47061442564559286,-0.04764024933214728
568.0,43.79295154185022,39.62555066079295,0.292951541850222,0.1255506607929533
569.0,43.49107142857143,39.53199404761905,-0.008928571428569398,0.031994047619051
570.0,35.5390015600624,39.48985959438377,0.03900156006240252,-0.010140405616226644
571.0,43.072094995759116,39.18066157760814,-0.42790500424088407,-0.3193384223918585
572.0,35.74047039740471,39.7875101378751,0.24047039740470666,0.2875101378751026
573.0,35.601741884402216,39.96516231195566,0.10174188440221599,0.46516231195565894
574.0,43.732097725358045,39.945240101095195,0.23209772535804518,0.4452401010951945
575.0,35.72648083623693,39.721254355400696,0.22648083623693083,0.2212543554006956
576.0,44.01298701298701,40.32987012987013,0.5129870129870113,0.8298701298701303
577.0,43.16025137470542,39.51924587588374,-0.3397486252945825,0.019245875883740382
578.0,43.62765957446808,39.840425531914896,0.1276595744680833,0.3404255319148959
579.0,35.69236471460341,39.381022979985175,0.1923647146034071,-0.11897702001482457
580.0,35.598827470686764,39.6608040201005,0.09882747068676423,0.16080402010049966
581.0,43.2375189107413,39.122541603630864,-0.2624810892586993,-0.3774583963691356
582.0,43.8125,39.40512048192771,0.3125,-0.09487951807228967
583.0,43.5551867219917,39.57344398340249,0.055186721991702825,0.07344398340249114
584.0,43.61971830985915,39.499629355077836,0.11971830985915233,-0.00037064492216387634
585.0,43.80885780885781,39.97047397047397,0.3088578088578089,0.470473970473968
586.0,42.87181409295352,39.22188905547226,-0.628185907046479,-0.27811094452773943
587.0,35.325655281969816,39.625893566322475,-0.17434471803018425,0.12589356632247473
588.0,43.210985178727114,39.3129904097646,-0.289014821272886,-0.1870095902353981
589.0,43.10420315236427,40.126094570928196,-0.3957968476357294,0.6260945709281955
590.0,35.682539682539684,39.61666666666667,0.18253968253968367,0.11666666666666714
591.0,43.346820809248555,39.21717588769612,-0.1531791907514446,-0.28282411230387794
592.0,35.52051488334674,39.82783588093323,0.020514883346741897,0.3278358809332289
593.0,43.65162907268171,38.63074352548037,0.15162907268170756,-0.8692564745196307
594.0,35.899317406143346,38.968430034129696,0.39931740614334643,-0.5315699658703039
595.0,42.87876182287188,39.75580395528805,-0.6212381771281201,0.25580395528805155
596.0,34.87585681645088,39.686214775323684,-0.6241431835491227,0.18621477532368402
597.0,43.17122186495177,39.858520900321544,-0.32877813504823195,0.35852090032154393
598.0,35.401769911504424,39.76814159292035,-0.09823008849557624,0.268141592920351
599.0,35.286867204695525,39.08070432868672,-0.2131327953044746,-0.4192956713132787
